[1, [-0.02, 0.0, 0.92, -2, 1, 1, 23.28], 0.06760312],
[2, [-0.01, -0.01, 0.91, -1, 1, 1, 23.33], 0.06760312],
[3, [-0.01, 0.0, 0.9, -1, 1, 1, 23.24], 0.06760312],
[4, [-0.01, -0.0, 0.9, -1, 1, 1, 23.33], 0.06760312],
[5, [-0.01, 0.01, 0.9, -1, 1, 1, 23.28], 0.06760312],
[6, [-0.01, 0.0, 0.9, -1, 1, 1, 23.33], 0.06760312],
[7, [-0.01, 0.01, 0.91, -1, 1, 1, 23.28], 0.06760312],
[8, [-0.01, 0.0, 0.9, -1, 1, 1, 23.38], 0.06760312],
[9, [-0.01, 0.0, 0.91, -1, 1, 1, 23.38], 0.06760312],
[10, [-0.0, 0.0, 0.9, -1, 1, 1, 23.42], 0.06760312],
[11, [-0.01, 0.0, 0.9, -1, 1, 1, 23.24], 0.06760312],
[12, [-0.01, 0.0, 0.91, -1, 1, 1, 23.38], 0.06760312],
[13, [-0.01, 0.0, 0.9, -1, 1, 1, 23.38], 0.06760312],
[14, [-0.01, 0.01, 0.91, -1, 1, 1, 23.38], 0.06760312],
[15, [-0.02, 0.01, 0.91, -1, 1, 1, 23.28], 0.06760312],
[16, [-0.01, 0.0, 0.9, -1, 1, 1, 23.33], 0.06760312],
[17, [-0.01, 0.0, 0.9, -1, 1, 1, 23.33], 0.06760312],
[18, [-0.01, 0.01, 0.91, -1, 1, 1, 23.38], 0.06760312],
[19, [-0.01, -0.0, 0.91, -1, 2, 1, 23.38], 0.06760312],
[20, [-0.01, 0.0, 0.91, -2, 1, 1, 23.24], 0.06760312],
[21, [-0.01, 0.01, 0.9, -1, 1, 1, 23.38], 0.06760312],
[22, [-0.02, 0.01, 0.91, -1, 1, 1, 23.33], 0.06760312],
[23, [-0.01, 0.0, 0.9, -1, 1, 1, 23.28], 0.06760312],
[24, [-0.01, 0.0, 0.9, -1, 2, 1, 23.38], 0.06760312],
[25, [-0.01, 0.0, 0.9, -1, 1, 1, 23.38], 0.06760312],
[26, [-0.01, 0.01, 0.9, -2, 1, 1, 23.47], 0.06760312],
[27, [-0.01, 0.0, 0.9, -1, 1, 1, 23.33], 0.06760312],
[28, [-0.01, 0.01, 0.9, -1, 1, 1, 23.33], 0.06760312],
[29, [-0.01, -0.0, 0.9, -1, 1, 1, 23.24], 0.06760312],
[30, [-0.01, 0.01, 0.9, -1, 2, 1, 23.33], 0.06760312],
[31, [-0.01, 0.0, 0.9, -1, 1, 1, 23.28], 0.06760312],
[32, [-0.01, 0.01, 0.9, -2, 1, 1, 23.28], 0.06760312],
[33, [-0.01, 0.0, 0.9, -2, 1, 1, 23.33], 0.06760312],
[34, [-0.01, 0.0, 0.89, -2, 1, 1, 23.33], 0.06760312],
[35, [-0.02, 0.0, 0.9, -1, 1, 1, 23.38], 0.06760312],
[36, [-0.01, -0.0, 0.9, -1, 1, 1, 23.33], 0.06760312],
[37, [-0.01, 0.01, 0.9, -1, 1, 1, 23.28], 0.06760312],
[38, [-0.01, 0.01, 0.9, -1, 1, 1, 23.28], 0.06760312],
[39, [-0.02, 0.0, 0.91, -1, 1, 1, 23.33], 0.06760312],
[40, [-0.01, 0.0, 0.91, -1, 1, 1, 23.38], 0.06760312],
[41, [-0.02, 0.0, 0.91, -1, 1, 1, 23.33], 0.06760312],
[42, [-0.01, 0.0, 0.9, -1, 1, 1, 23.33], 0.06760312],
[43, [-0.02, 0.0, 0.91, -1, 1, 1, 23.24], 0.06760312],
[44, [-0.01, 0.0, 0.91, -1, 1, 1, 23.28], 0.06760312],
[45, [-0.02, 0.0, 0.9, -1, 1, 1, 23.24], 0.06760312],
[46, [-0.01, 0.0, 0.9, -1, 1, 1, 23.33], 0.06760312],
[47, [-0.01, 0.0, 0.9, -1, 1, 1, 23.38], 0.06760312],
[48, [-0.01, 0.01, 0.91, -1, 1, 1, 23.38], 0.06760312],
[49, [-0.01, -0.0, 0.9, -1, 1, 1, 23.33], 0.06760312],
[50, [-0.0, 0.01, 0.91, -1, 1, 1, 23.33], 0.06760312],
[51, [-0.01, 0.01, 0.91, -1, 1, 1, 23.28], 0.06760312],
[52, [-0.01, 0.0, 0.9, -2, 1, 1, 23.33], 0.06760312],
[53, [-0.01, -0.0, 0.91, -1, 1, 1, 23.38], 0.06760312],
[54, [-0.01, 0.0, 0.9, -1, 1, 1, 23.38], 0.06760312],
[55, [-0.01, 0.0, 0.89, -1, 1, 1, 23.33], 0.06760312],
[56, [-0.01, 0.01, 0.91, -2, 1, 1, 23.38], 0.06760312],
[57, [-0.01, 0.01, 0.9, -1, 1, 1, 23.33], 0.06760312],
[58, [-0.01, 0.0, 0.91, -1, 1, 1, 23.28], 0.06760312],
[59, [-0.01, 0.0, 0.9, -2, 1, 1, 23.33], 0.06760312],
[60, [-0.01, 0.0, 0.91, -1, 1, 1, 23.38], 0.06760312],
[61, [-0.01, 0.0, 0.9, -1, 1, 1, 23.38], 0.06760312],
[62, [-0.01, 0.0, 0.9, -1, 1, 1, 23.28], 0.06760312],
[63, [-0.01, 0.0, 0.91, -1, 1, 1, 23.33], 0.06760312],
[64, [-0.01, 0.0, 0.91, -1, 1, 1, 23.33], 0.06760312],
[65, [-0.02, 0.0, 0.9, -1, 1, 1, 23.38], 0.06760312],
[66, [-0.01, -0.0, 0.9, -2, 1, 1, 23.33], 0.06760312],
[67, [-0.0, 0.01, 0.91, -1, 1, 1, 23.38], 0.06760312],
[68, [-0.01, 0.0, 0.91, -1, 1, 1, 23.38], 0.06760312],
[69, [-0.01, -0.0, 0.9, -1, 1, 1, 23.42], 0.06760312],
[70, [-0.01, 0.0, 0.91, -2, 1, 1, 23.38], 0.06760312],
[71, [-0.01, 0.0, 0.91, -1, 1, 1, 23.33], 0.06760312],
[72, [-0.01, 0.0, 0.91, -1, 1, 1, 23.38], 0.06760312],
[73, [-0.01, 0.0, 0.91, -1, 1, 1, 23.42], 0.06760312],
[74, [-0.01, 0.01, 0.91, -1, 1, 1, 23.28], 0.06760312],
[75, [-0.01, 0.01, 0.91, -1, 1, 1, 23.33], 0.06760312],
[76, [-0.01, 0.01, 0.91, -1, 1, 1, 23.33], 0.06760312],
[77, [-0.01, 0.0, 0.91, -2, 1, 1, 23.33], 0.06760312],
[78, [-0.01, -0.0, 0.91, -1, 1, 1, 23.33], 0.06760312],
[79, [-0.01, 0.0, 0.9, -2, 1, 1, 23.42], 0.06760312],
[80, [-0.01, 0.01, 0.91, -2, 1, 1, 23.38], 0.06760312],
[81, [-0.01, 0.01, 0.91, -2, 1, 1, 23.33], 0.06760312],
[82, [-0.01, 0.01, 0.9, -2, 1, 1, 23.42], 0.06760312],
[83, [-0.02, -0.0, 0.9, -1, 1, 1, 23.42], 0.06760312],
[84, [-0.01, 0.0, 0.9, -1, 1, 1, 23.38], 0.06760312],
[85, [-0.01, 0.01, 0.9, -1, 1, 1, 23.33], 0.06760312],
[86, [-0.0, -0.0, 0.9, -1, 1, 1, 23.38], 0.06760312],
[87, [-0.0, 0.0, 0.91, -1, 1, 1, 23.33], 0.06760312],
[88, [-0.01, 0.01, 0.91, -2, 1, 1, 23.38], 0.06760312],
[89, [-0.01, 0.01, 0.89, -1, 1, 1, 23.33], 0.06760312],
[90, [-0.01, 0.01, 0.91, -1, 1, 1, 23.33], 0.06760312],
[91, [-0.01, 0.0, 0.9, -1, 1, 1, 23.38], 0.06760312],
[92, [-0.01, 0.0, 0.9, -1, 1, 1, 23.33], 0.06760312],
[93, [-0.01, 0.01, 0.9, -1, 1, 1, 23.33], 0.06760312],
[94, [-0.01, 0.0, 0.9, -1, 1, 1, 23.38], 0.06760312],
[95, [-0.01, 0.01, 0.9, -1, 1, 1, 23.42], 0.06760312],
[96, [-0.02, 0.0, 0.91, -1, 1, 1, 23.33], 0.06760312],
[97, [-0.01, 0.0, 0.9, -1, 1, 1, 23.38], 0.06760312],
[98, [-0.02, 0.0, 0.91, -1, 1, 1, 23.42], 0.06760312],
[99, [-0.01, 0.01, 0.91, -1, 1, 1, 23.33], 0.06760312],
[100, [-0.01, 0.0, 0.9, -1, 1, 1, 23.38], 0.06760312],
[101, [-0.01, 0.0, 0.9, -1, 1, 1, 23.38], 0.06760312],
[102, [-0.01, 0.0, 0.9, -2, 1, 1, 23.33], 0.06760312],
[103, [-0.01, 0.01, 0.9, -1, 1, 1, 23.28], 0.06760312],
[104, [-0.02, 0.0, 0.9, -2, 1, 1, 23.38], 0.06760312],
[105, [-0.01, 0.0, 0.9, -1, 1, 1, 23.38], 0.06760312],
[106, [-0.01, 0.0, 0.9, -1, 1, 1, 23.28], 0.06760312],
[107, [-0.01, 0.0, 0.91, -1, 1, 1, 23.38], 0.06760312],
[108, [-0.02, 0.0, 0.9, -1, 1, 1, 23.33], 0.06760312],
[109, [-0.01, 0.01, 0.9, -2, 1, 1, 23.42], 0.06760312],
[110, [-0.01, 0.01, 0.9, -1, 1, 1, 23.33], 0.06760312],
[111, [-0.02, 0.01, 0.9, -1, 1, 1, 23.47], 0.06760312],
[112, [-0.02, 0.0, 0.9, -2, 1, 1, 23.33], 0.06760312],
[113, [-0.01, 0.0, 0.9, -1, 1, 1, 23.33], 0.06760312],
[114, [-0.01, 0.0, 0.9, -1, 1, 1, 23.38], 0.06760312],
[115, [-0.01, 0.0, 0.9, -1, 1, 1, 23.33], 0.06760312],
[116, [-0.01, 0.0, 0.91, -1, 1, 1, 23.47], 0.06760312],
[117, [-0.0, 0.0, 0.91, -1, 1, 1, 23.42], 0.06760312],
[118, [-0.01, 0.01, 0.91, -1, 1, 1, 23.42], 0.06760312],
[119, [-0.0, 0.0, 0.9, -1, 1, 1, 23.42], 0.06760312],
[120, [-0.01, 0.0, 0.9, -1, 1, 1, 23.42], 0.06760312],
[121, [-0.01, 0.01, 0.9, -1, 1, 1, 23.42], 0.06760312],
[122, [-0.0, 0.0, 0.91, -1, 1, 1, 23.42], 0.06760312],
[123, [-0.01, -0.01, 0.91, -1, 1, 1, 23.28], 0.06760312],
[124, [-0.01, 0.0, 0.9, -1, 1, 1, 23.28], 0.06760312],
[125, [-0.01, 0.01, 0.91, -1, 1, 1, 23.42], 0.06760312],
[126, [-0.01, 0.0, 0.9, -1, 1, 1, 23.33], 0.06760312],
[127, [-0.01, 0.01, 0.9, -1, 1, 1, 23.47], 0.06760312],
[128, [-0.01, -0.0, 0.91, -1, 1, 1, 23.33], 0.06760312],
[129, [-0.01, 0.01, 0.9, -2, 1, 1, 23.38], 0.06760312],
[130, [-0.02, 0.0, 0.9, -1, 1, 1, 23.33], 0.06760312],
[131, [-0.0, 0.01, 0.9, -1, 1, 1, 23.33], 0.06760312],
[132, [-0.01, 0.0, 0.9, -2, 1, 1, 23.42], 0.06760312],
[133, [-0.01, 0.01, 0.9, -1, 1, 1, 23.33], 0.06760312],
[134, [-0.01, 0.0, 0.9, -1, 1, 1, 23.33], 0.06760312],
[135, [-0.01, 0.0, 0.9, -1, 1, 1, 23.33], 0.06760312],
[136, [-0.01, 0.0, 0.91, -1, 1, 1, 23.47], 0.06760312],
[137, [-0.01, 0.0, 0.9, -1, 1, 1, 23.33], 0.06760312],
[138, [-0.01, 0.0, 0.9, -1, 1, 1, 23.38], 0.06760312],
[139, [0.0, 0.0, 0.9, -1, 1, 1, 23.42], 0.06760312],
[140, [-0.01, 0.01, 0.91, -1, 1, 1, 23.33], 0.06760312],
[141, [-0.01, 0.0, 0.91, -1, 1, 1, 23.38], 0.06760312],
[142, [-0.01, -0.0, 0.91, -1, 1, 1, 23.33], 0.06760312],
[143, [-0.01, 0.0, 0.9, -1, 1, 1, 23.33], 0.06760312],
[144, [-0.01, 0.01, 0.9, -1, 1, 1, 23.42], 0.06760312],
[145, [-0.01, 0.0, 0.91, -1, 1, 1, 23.38], 0.06760312],
[146, [-0.01, 0.0, 0.91, -2, 1, 1, 23.42], 0.06760312],
[147, [-0.01, 0.0, 0.9, -2, 1, 1, 23.42], 0.06760312],
[148, [-0.01, 0.0, 0.91, -1, 1, 1, 23.42], 0.06760312],
[149, [-0.01, 0.01, 0.91, -2, 1, 1, 23.38], 0.06760312],
[150, [-0.01, 0.0, 0.91, -2, 2, 1, 23.33], 0.06760312],
[151, [-0.01, 0.01, 0.9, -1, 1, 1, 23.42], 0.06760312],
[152, [-0.01, 0.0, 0.9, -1, 1, 1, 23.33], 0.06760312],
[153, [-0.01, 0.0, 0.9, -2, 1, 1, 23.33], 0.06760312],
[154, [-0.01, 0.0, 0.9, -1, 1, 1, 23.42], 0.06760312],
[155, [-0.01, 0.0, 0.91, -1, 1, 1, 23.38], 0.06760312],
[156, [-0.01, -0.0, 0.91, -1, 1, 1, 23.42], 0.06760312],
[157, [-0.01, 0.0, 0.91, -1, 1, 1, 23.38], 0.06760312],
[158, [-0.01, 0.01, 0.91, -1, 1, 1, 23.38], 0.06760312],
[159, [-0.01, 0.0, 0.9, -1, 1, 1, 23.42], 0.06760312],
[160, [-0.01, 0.0, 0.9, -1, 1, 1, 23.38], 0.06760312],
[161, [-0.01, -0.0, 0.9, -1, 1, 1, 23.47], 0.06760312],
[162, [-0.01, 0.0, 0.91, -1, 1, 1, 23.38], 0.06760312],
[163, [-0.0, 0.0, 0.9, -2, 2, 1, 23.28], 0.06760312],
[164, [-0.0, 0.0, 0.9, -1, 1, 1, 23.47], 0.06760312],
[165, [-0.01, 0.0, 0.9, -1, 1, 1, 23.38], 0.06760312],
[166, [-0.01, -0.0, 0.9, -2, 1, 1, 23.28], 0.06760312],
[167, [-0.01, 0.0, 0.91, -1, 1, 1, 23.42], 0.06760312],
[168, [-0.01, 0.01, 0.91, -1, 1, 1, 23.33], 0.06760312],
[169, [-0.01, 0.0, 0.91, -1, 1, 1, 23.47], 0.06760312],
[170, [-0.01, 0.0, 0.91, -1, 1, 1, 23.42], 0.06760312],
[171, [-0.01, 0.0, 0.9, -1, 1, 1, 23.33], 0.06760312],
[172, [-0.01, 0.0, 0.9, -1, 1, 1, 23.38], 0.06760312],
[173, [-0.01, 0.01, 0.9, -1, 1, 1, 23.38], 0.06760312],
[174, [-0.01, 0.0, 0.9, -2, 1, 1, 23.47], 0.06760312],
[175, [-0.01, 0.01, 0.91, -1, 1, 1, 23.38], 0.06760312],
[176, [-0.01, 0.01, 0.91, -1, 2, 1, 23.38], 0.06760312],
[177, [-0.01, 0.01, 0.91, -1, 2, 1, 23.33], 0.06760312],
[178, [-0.01, 0.0, 0.92, -1, 1, 1, 23.33], 0.06760312],
[179, [-0.0, 0.0, 0.9, -1, 1, 1, 23.47], 0.06760312],
[180, [-0.01, 0.0, 0.9, -1, 1, 1, 23.52], 0.06760312],
[181, [-0.01, 0.0, 0.9, -1, 2, 1, 23.33], 0.06760312],
[182, [-0.01, -0.0, 0.9, -1, 1, 1, 23.38], 0.06760312],
[183, [-0.01, 0.0, 0.91, -1, 2, 1, 23.38], 0.06760312],
[184, [-0.01, 0.01, 0.92, -1, 1, 1, 23.33], 0.06760312],
[185, [-0.01, 0.0, 0.9, -1, 1, 1, 23.33], 0.06760312],
[186, [-0.01, 0.0, 0.91, -2, 1, 1, 23.33], 0.06760312],
[187, [-0.01, 0.01, 0.91, -1, 1, 1, 23.47], 0.06760312],
[188, [-0.01, 0.01, 0.91, -1, 1, 1, 23.38], 0.06760312],
[189, [-0.01, 0.0, 0.9, -2, 1, 1, 23.38], 0.06760312],
[190, [-0.0, 0.01, 0.91, -2, 1, 1, 23.42], 0.06760312],
[191, [-0.01, 0.0, 0.9, -1, 1, 1, 23.38], 0.06760312],
[192, [-0.01, 0.0, 0.9, -1, 1, 1, 23.47], 0.06760312],
[193, [-0.01, -0.0, 0.9, -2, 1, 1, 23.38], 0.06760312],
[194, [-0.02, 0.0, 0.91, -1, 1, 1, 23.38], 0.06760312],
[195, [-0.01, 0.0, 0.9, -1, 1, 1, 23.38], 0.06760312],
[196, [-0.01, 0.0, 0.9, -1, 1, 1, 23.38], 0.06760312],
[197, [-0.01, 0.0, 0.9, -1, 1, 1, 23.42], 0.06760312],
[198, [-0.01, 0.0, 0.91, -1, 1, 1, 23.33], 0.06760312],
[199, [-0.01, 0.0, 0.91, -2, 1, 1, 23.38], 0.06760312],
[200, [-0.01, 0.01, 0.9, -1, 1, 1, 23.38], 0.06760312],
[201, [-0.01, 0.0, 0.91, -1, 1, 1, 23.42], 0.06760312],
[202, [-0.01, -0.0, 0.91, -1, 1, 1, 23.42], 0.06760312],
[203, [-0.01, 0.0, 0.9, -1, 1, 1, 23.38], 0.06760312],
[204, [-0.01, 0.0, 0.91, -1, 1, 1, 23.33], 0.06760312],
[205, [-0.01, 0.01, 0.9, -1, 1, 1, 23.42], 0.06760312],
[206, [-0.0, 0.01, 0.91, -2, 1, 1, 23.38], 0.06760312],
[207, [-0.01, 0.0, 0.91, -1, 1, 1, 23.38], 0.06760312],
[208, [-0.01, 0.0, 0.91, -1, 1, 1, 23.38], 0.06760312],
[209, [-0.01, 0.0, 0.91, -1, 2, 1, 23.38], 0.06760312],
[210, [-0.01, 0.0, 0.9, -1, 1, 1, 23.38], 0.06760312],
[211, [-0.01, -0.0, 0.91, -2, 1, 1, 23.42], 0.06760312],
[212, [-0.01, 0.0, 0.9, -1, 1, 1, 23.42], 0.06760312],
[213, [-0.02, 0.01, 0.9, -2, 1, 1, 23.38], 0.06760312],
[214, [-0.01, 0.0, 0.9, -1, 1, 1, 23.42], 0.06760312],
[215, [-0.01, 0.01, 0.89, -1, 1, 1, 23.38], 0.06760312],
[216, [-0.01, 0.01, 0.9, -1, 2, 1, 23.33], 0.06760312],
[217, [-0.01, 0.01, 0.91, -1, 1, 1, 23.42], 0.06760312],
[218, [-0.01, 0.0, 0.92, -2, 1, 1, 23.38], 0.06760312],
[219, [-0.01, 0.0, 0.91, -1, 1, 1, 23.42], 0.06760312],
[220, [-0.01, 0.0, 0.91, -2, 1, 1, 23.52], 0.06760312],
[221, [-0.02, 0.0, 0.91, -1, 1, 1, 23.38], 0.06760312],
[222, [-0.01, 0.0, 0.9, -1, 1, 1, 23.47], 0.06760312],
[223, [-0.01, 0.0, 0.91, -1, 1, 1, 23.47], 0.06760312],
[224, [-0.01, 0.0, 0.92, -1, 1, 1, 23.42], 0.06760312],
[225, [-0.01, 0.0, 0.9, -1, 1, 1, 23.42], 0.06760312],
[226, [-0.01, 0.0, 0.91, -1, 1, 1, 23.47], 0.06760312],
[227, [-0.01, 0.0, 0.9, -1, 1, 1, 23.47], 0.06760312],
[228, [-0.01, 0.0, 0.91, -1, 1, 1, 23.52], 0.06760312],
[229, [-0.01, 0.0, 0.9, -1, 1, 1, 23.38], 0.06760312],
[230, [-0.01, 0.0, 0.91, -1, 1, 1, 23.52], 0.06760312],
[231, [-0.01, 0.0, 0.9, -1, 1, 1, 23.38], 0.06760312],
[232, [-0.01, 0.0, 0.9, -1, 1, 1, 23.33], 0.06760312],
[233, [-0.01, 0.0, 0.91, -1, 1, 1, 23.33], 0.06760312],
[234, [-0.01, 0.0, 0.9, -1, 1, 1, 23.38], 0.06760312],
[235, [-0.01, 0.0, 0.9, -1, 1, 1, 23.42], 0.06760312],
[236, [-0.01, 0.0, 0.91, -2, 1, 1, 23.42], 0.06760312],
[237, [-0.01, 0.01, 0.91, -1, 1, 1, 23.38], 0.06760312],
[238, [-0.01, 0.0, 0.9, -1, 1, 1, 23.47], 0.06760312],
[239, [-0.01, 0.0, 0.9, -1, 1, 1, 23.38], 0.06760312],
[240, [-0.01, 0.01, 0.9, -1, 1, 1, 23.38], 0.06760312],
[241, [-0.01, 0.0, 0.91, -2, 1, 1, 23.42], 0.06760312],
[242, [-0.0, 0.01, 0.9, -1, 1, 1, 23.47], 0.06760312],
[243, [-0.02, 0.0, 0.9, -1, 1, 1, 23.47], 0.06760312],
[244, [-0.02, 0.0, 0.89, -1, 1, 1, 23.28], 0.06760312],
[245, [-0.01, -0.0, 0.9, -1, 1, 1, 23.42], 0.06760312],
[246, [-0.0, 0.0, 0.9, -2, 1, 1, 23.38], 0.06760312],
[247, [-0.01, 0.0, 0.91, -1, 1, 1, 23.42], 0.06760312],
[248, [-0.02, 0.01, 0.9, -1, 1, 1, 23.52], 0.06760312],
[249, [-0.01, 0.01, 0.9, -1, 1, 1, 23.42], 0.06760312],
[250, [-0.01, 0.0, 0.9, -1, 1, 1, 23.28], 0.06760312],
[251, [-0.01, 0.0, 0.9, -2, 1, 1, 23.38], 0.06760312],
[252, [-0.01, 0.0, 0.9, -1, 1, 1, 23.42], 0.06760312],
[253, [-0.01, 0.0, 0.9, -2, 1, 1, 23.42], 0.06760312],
[254, [-0.01, 0.0, 0.9, -2, 1, 1, 23.47], 0.06760312],
[255, [-0.01, 0.0, 0.9, -1, 1, 1, 23.47], 0.06760312],
[256, [-0.01, 0.0, 0.91, -1, 1, 1, 23.38], 0.06760312],
[257, [-0.0, 0.0, 0.9, -1, 1, 1, 23.52], 0.06760312],
[258, [-0.01, 0.0, 0.91, -1, 1, 1, 23.56], 0.06760312],
[259, [-0.01, 0.01, 0.91, -1, 1, 1, 23.42], 0.06760312],
[260, [-0.01, 0.01, 0.9, -2, 1, 1, 23.42], 0.06760312],
[261, [-0.01, -0.0, 0.9, -1, 1, 1, 23.42], 0.06760312],
[262, [-0.01, 0.01, 0.92, -1, 1, 1, 23.47], 0.06760312],
[263, [-0.01, 0.0, 0.9, -2, 1, 1, 23.52], 0.06760312],
[264, [-0.01, 0.0, 0.9, -2, 1, 1, 23.47], 0.06760312],
[265, [-0.01, -0.0, 0.91, -1, 1, 1, 23.42], 0.06760312],
[266, [-0.01, 0.0, 0.9, -1, 1, 1, 23.38], 0.06760312],
[267, [-0.01, 0.01, 0.91, -1, 1, 1, 23.47], 0.06760312],
[268, [-0.01, 0.0, 0.89, -1, 1, 1, 23.56], 0.06760312],
[269, [-0.01, -0.0, 0.9, -1, 1, 1, 23.42], 0.06760312],
[270, [-0.01, 0.0, 0.91, -1, 1, 1, 23.33], 0.06760312],
[271, [-0.0, 0.0, 0.9, -1, 1, 1, 23.47], 0.06760312],
[272, [-0.01, 0.01, 0.9, -2, 2, 1, 23.52], 0.06760312],
[273, [-0.01, 0.0, 0.91, -1, 1, 1, 23.28], 0.06760312],
[274, [-0.01, -0.0, 0.9, -1, 1, 1, 23.52], 0.06760312],
[275, [-0.01, 0.0, 0.9, -1, 1, 1, 23.42], 0.06760312],
[276, [-0.01, 0.0, 0.9, -1, 1, 1, 23.42], 0.06760312],
[277, [-0.02, 0.0, 0.91, -1, 1, 1, 23.42], 0.06760312],
[278, [-0.01, 0.0, 0.91, -1, 1, 1, 23.42], 0.06760312],
[279, [-0.01, -0.0, 0.9, -1, 1, 1, 23.47], 0.06760312],
[280, [-0.01, 0.0, 0.92, -1, 1, 1, 23.42], 0.06760312],
[281, [-0.01, 0.0, 0.91, -1, 1, 1, 23.52], 0.06760312],
[282, [-0.01, 0.0, 0.9, -1, 1, 1, 23.47], 0.06760312],
[283, [-0.01, 0.0, 0.89, -1, 1, 1, 23.47], 0.06760312],
[284, [-0.01, 0.0, 0.89, -1, 1, 1, 23.42], 0.06760312],
[285, [-0.01, 0.0, 0.9, -1, 1, 1, 23.38], 0.06760312],
[286, [-0.01, 0.0, 0.9, -1, 1, 1, 23.38], 0.06760312],
[287, [-0.01, 0.0, 0.9, -1, 1, 1, 23.42], 0.06760312],
[288, [-0.01, 0.01, 0.91, -1, 1, 1, 23.47], 0.06760312],
[289, [-0.01, 0.0, 0.91, -1, 1, 1, 23.42], 0.06760312],
[290, [-0.01, 0.01, 0.9, -1, 1, 1, 23.42], 0.06760312],
[291, [-0.0, 0.0, 0.91, -1, 1, 1, 23.47], 0.06760312],
[292, [-0.01, -0.0, 0.9, -1, 1, 1, 23.38], 0.06760312],
[293, [-0.02, 0.0, 0.9, -2, 1, 1, 23.47], 0.06760312],
[294, [-0.01, 0.0, 0.91, -1, 1, 1, 23.42], 0.06760312],
[295, [-0.02, 0.0, 0.9, -1, 1, 1, 23.47], 0.06760312],
[296, [-0.01, 0.0, 0.89, -2, 1, 1, 23.42], 0.06760312],
[297, [-0.01, 0.0, 0.91, -1, 1, 1, 23.47], 0.06760312],
[298, [-0.01, 0.01, 0.9, -1, 1, 1, 23.52], 0.06760312],
[299, [-0.01, -0.0, 0.9, -1, 1, 1, 23.52], 0.06760312],
[300, [-0.01, 0.0, 0.91, -2, 1, 1, 23.33], 0.06760312],
[301, [-0.01, 0.0, 0.9, -1, 1, 1, 23.42], 0.06760312],
[302, [-0.01, 0.01, 0.91, -1, 1, 1, 23.47], 0.06760312],
[303, [-0.01, 0.01, 0.9, -2, 1, 1, 23.47], 0.06760312],
[304, [-0.01, -0.0, 0.9, -1, 1, 1, 23.42], 0.06760312],
[305, [-0.01, 0.01, 0.9, -1, 1, 1, 23.33], 0.06760312],
[306, [-0.01, 0.0, 0.9, -1, 1, 1, 23.42], 0.06760312],
[307, [-0.01, 0.01, 0.91, -1, 1, 1, 23.47], 0.06760312],
[308, [-0.01, 0.01, 0.9, -2, 1, 1, 23.42], 0.06760312],
[309, [-0.0, 0.0, 0.91, -2, 1, 1, 23.42], 0.06760312],
[310, [-0.01, 0.0, 0.9, -1, 1, 1, 23.47], 0.06760312],
[311, [-0.01, 0.0, 0.91, -1, 1, 1, 23.38], 0.06760312],
[312, [-0.01, 0.0, 0.9, -1, 1, 1, 23.52], 0.06760312],
[313, [-0.01, 0.0, 0.91, -1, 1, 1, 23.42], 0.06760312],
[314, [-0.01, 0.01, 0.9, -1, 1, 1, 23.52], 0.06760312],
[315, [-0.01, 0.01, 0.9, -1, 1, 1, 23.38], 0.06760312],
[316, [-0.01, -0.0, 0.91, -1, 1, 1, 23.42], 0.06760312],
[317, [-0.01, 0.0, 0.9, -1, 1, 1, 23.42], 0.06760312],
[318, [-0.01, 0.0, 0.91, -1, 1, 1, 23.47], 0.06760312],
[319, [-0.01, -0.0, 0.9, -1, 1, 1, 23.47], 0.06760312],
[320, [-0.0, 0.0, 0.9, -2, 1, 1, 23.52], 0.06760312],
[321, [-0.01, -0.0, 0.91, -1, 1, 1, 23.47], 0.06760312],
[322, [-0.01, 0.0, 0.9, -2, 1, 1, 23.47], 0.06760312],
[323, [-0.01, 0.0, 0.91, -1, 1, 1, 23.42], 0.06760312],
[324, [-0.01, 0.0, 0.91, -1, 1, 1, 23.47], 0.06760312],
[325, [-0.02, 0.01, 0.9, -1, 1, 1, 23.42], 0.06760312],
[326, [-0.01, 0.01, 0.9, -1, 2, 1, 23.52], 0.06760312],
[327, [-0.01, 0.0, 0.9, -1, 1, 1, 23.38], 0.06760312],
[328, [-0.01, 0.0, 0.9, -1, 1, 1, 23.42], 0.06760312],
[329, [-0.01, -0.0, 0.9, -1, 1, 1, 23.47], 0.06760312],
[330, [-0.01, 0.0, 0.9, -1, 1, 1, 23.42], 0.06760312],
[331, [-0.0, 0.0, 0.91, -1, 1, 1, 23.47], 0.06760312],
[332, [-0.01, -0.0, 0.9, -1, 1, 1, 23.47], 0.06760312],
[333, [-0.01, 0.0, 0.9, -1, 1, 1, 23.52], 0.06760312],
[334, [-0.01, 0.0, 0.9, -2, 1, 1, 23.42], 0.06760312],
[335, [-0.0, 0.01, 0.9, -1, 1, 1, 23.38], 0.06760312],
[336, [-0.01, 0.0, 0.9, -1, 1, 1, 23.38], 0.06760312],
[337, [-0.01, 0.0, 0.89, -1, 1, 1, 23.47], 0.06760312],
[338, [-0.01, 0.0, 0.91, -1, 1, 1, 23.47], 0.06760312],
[339, [-0.01, 0.01, 0.91, -2, 1, 1, 23.47], 0.06760312],
[340, [-0.0, 0.01, 0.91, -2, 2, 1, 23.42], 0.06760312],
[341, [-0.01, 0.01, 0.91, -2, 1, 1, 23.42], 0.06760312],
[342, [-0.01, 0.0, 0.9, -2, 1, 1, 23.42], 0.06760312],
[343, [-0.01, 0.0, 0.9, -1, 1, 1, 23.42], 0.06760312],
[344, [-0.01, 0.01, 0.91, -1, 1, 1, 23.42], 0.06760312],
[345, [-0.0, 0.0, 0.9, -1, 1, 1, 23.52], 0.06760312],
[346, [-0.01, 0.0, 0.9, -2, 1, 1, 23.47], 0.06760312],
[347, [-0.01, 0.0, 0.91, -1, 1, 1, 23.52], 0.06760312],
[348, [-0.01, 0.0, 0.91, -1, 1, 1, 23.33], 0.06760312],
[349, [-0.01, 0.01, 0.9, -2, 1, 1, 23.42], 0.06760312],
[350, [-0.01, 0.0, 0.91, -1, 1, 1, 23.47], 0.06760312],
[351, [-0.01, 0.0, 0.9, -1, 1, 1, 23.42], 0.06760312],
[352, [-0.01, 0.0, 0.91, -1, 1, 1, 23.47], 0.06760312],
[353, [-0.01, 0.01, 0.91, -2, 1, 1, 23.42], 0.06760312],
[354, [-0.01, 0.0, 0.91, -1, 1, 1, 23.52], 0.06760312],
[355, [-0.01, 0.01, 0.89, -1, 1, 1, 23.47], 0.06760312],
[356, [-0.03, 0.0, 0.8, -4, 4, 1, 23.38], 0.06760312],
[357, [-0.04, -0.02, 0.9, -2, -1, 1, 23.42], 0.06760312],
[358, [-0.02, -0.01, 0.9, -1, 1, 1, 23.47], 0.06760312],
[359, [-0.01, 0.01, 0.9, -1, 1, 1, 23.38], 0.06760312],
[360, [-0.01, 0.0, 0.91, -1, 1, 1, 23.42], 0.06760312],
[361, [-0.01, -0.0, 0.91, -1, 1, 1, 23.47], 0.06760312],
[362, [-0.02, 0.0, 0.91, -1, 1, 1, 23.52], 0.06760312],
[363, [-0.01, 0.01, 0.9, -1, 1, 1, 23.42], 0.06760312],
[364, [-0.0, 0.0, 0.91, -2, 1, 1, 23.42], 0.06760312],
[365, [-0.01, 0.0, 0.9, -1, 1, 1, 23.47], 0.06760312],
[366, [-0.01, 0.0, 0.89, -2, 1, 1, 23.47], 0.06760312],
[367, [-0.01, 0.0, 0.91, -1, 1, 1, 23.47], 0.06760312],
[368, [-0.0, 0.0, 0.91, -1, 1, 1, 23.42], 0.06760312],
[369, [-0.01, 0.0, 0.9, -1, 1, 1, 23.42], 0.06760312],
[370, [-0.01, -0.0, 0.91, -1, 1, 1, 23.42], 0.06760312],
[371, [-0.01, 0.0, 0.91, -1, 1, 1, 23.42], 0.06760312],
[372, [-0.01, -0.0, 0.9, -2, 2, 1, 23.42], 0.06760312],
[373, [-0.01, 0.0, 0.91, -1, 1, 1, 23.52], 0.06760312],
[374, [-0.01, 0.0, 0.89, -1, 1, 1, 23.47], 0.06760312],
[375, [-0.01, -0.0, 0.91, -1, 1, 1, 23.42], 0.06760312],
[376, [-0.01, 0.0, 0.9, -1, 1, 1, 23.47], 0.06760312],
[377, [-0.02, 0.0, 0.9, -1, 1, 1, 23.42], 0.06760312],
[378, [-0.01, 0.0, 0.91, -1, 2, 1, 23.52], 0.06760312],
[379, [-0.01, 0.0, 0.91, -1, 1, 1, 23.42], 0.06760312],
[380, [-0.02, 0.0, 0.9, -2, 2, 1, 23.52], 0.06760312],
[381, [-0.01, 0.0, 0.91, -1, 1, 1, 23.42], 0.06760312],
[382, [-0.0, 0.0, 0.9, -1, 1, 1, 23.38], 0.06760312],
[383, [-0.0, 0.01, 0.91, -1, 1, 1, 23.33], 0.06760312],
[384, [-0.01, 0.01, 0.9, -1, 1, 1, 23.47], 0.06760312],
[385, [-0.01, 0.01, 0.91, -2, 1, 1, 23.52], 0.06760312],
[386, [-0.01, 0.01, 0.9, -2, 1, 1, 23.42], 0.06760312],
[387, [-0.01, 0.0, 0.91, -1, 1, 1, 23.52], 0.06760312],
[388, [-0.01, 0.0, 0.9, -1, 1, 1, 23.52], 0.06760312],
[389, [-0.01, 0.0, 0.91, -1, 1, 1, 23.42], 0.06760312],
[390, [-0.01, 0.0, 0.91, -2, 1, 1, 23.42], 0.06760312],
[391, [-0.01, -0.0, 0.9, -1, 1, 1, 23.47], 0.06760312],
[392, [-0.01, 0.01, 0.91, -1, 2, 1, 23.38], 0.06760312],
[393, [-0.01, 0.0, 0.91, -1, 1, 1, 23.42], 0.06760312],
[394, [-0.01, 0.0, 0.91, -1, 1, 1, 23.56], 0.06760312],
[395, [-0.01, 0.0, 0.91, -1, 1, 1, 23.42], 0.06760312],
[396, [-0.01, 0.0, 0.9, -1, 1, 1, 23.47], 0.06760312],
[397, [-0.0, 0.01, 0.91, -1, 1, 1, 23.47], 0.06760312],
[398, [-0.01, 0.01, 0.9, -2, 1, 1, 23.47], 0.06760312],
[399, [-0.01, 0.0, 0.91, -2, 1, 1, 23.52], 0.06760312],
[400, [-0.01, 0.01, 0.91, -2, 1, 1, 23.52], 0.06760312],
[401, [-0.01, 0.0, 0.91, -1, 1, 1, 23.56], 0.06760312],
[402, [-0.01, 0.0, 0.9, -2, 1, 1, 23.47], 0.06760312],
[403, [-0.01, 0.0, 0.9, -1, 1, 1, 23.42], 0.06760312],
[404, [-0.01, 0.0, 0.9, -2, 1, 1, 23.42], 0.06760312],
[405, [-0.01, 0.0, 0.9, -1, 1, 1, 23.52], 0.06760312],
[406, [-0.01, -0.0, 0.9, -1, 1, 1, 23.42], 0.06760312],
[407, [-0.01, 0.0, 0.91, -1, 1, 1, 23.47], 0.06760312],
[408, [-0.01, 0.0, 0.91, -1, 1, 1, 23.52], 0.06760312],
[409, [-0.01, 0.01, 0.9, -1, 1, 1, 23.52], 0.06760312],
[410, [-0.01, -0.0, 0.89, -1, 1, 1, 23.42], 0.06760312],
[411, [-0.02, 0.0, 0.9, -2, 1, 1, 23.42], 0.06760312],
[412, [-0.01, 0.0, 0.91, -2, 1, 1, 23.42], 0.06760312],
[413, [-0.01, 0.01, 0.91, -1, 1, 1, 23.56], 0.06760312],
[414, [-0.01, 0.0, 0.89, -1, 2, 1, 23.52], 0.06760312],
[415, [-0.02, 0.0, 0.9, -1, 1, 1, 23.47], 0.06760312],
[416, [-0.01, 0.0, 0.91, -2, 1, 1, 23.38], 0.06760312],
[417, [-0.01, 0.0, 0.9, -1, 1, 1, 23.56], 0.06760312],
[418, [-0.01, 0.01, 0.91, -1, 1, 1, 23.52], 0.06760312],
[419, [-0.01, -0.0, 0.91, -1, 1, 1, 23.56], 0.06760312],
[420, [-0.01, 0.0, 0.91, -1, 2, 1, 23.47], 0.06760312],
[421, [-0.01, 0.0, 0.9, -1, 1, 1, 23.47], 0.06760312],
[422, [-0.01, 0.0, 0.9, -2, 1, 1, 23.47], 0.06760312],
[423, [-0.01, 0.0, 0.91, -1, 1, 1, 23.38], 0.06760312],
[424, [-0.01, -0.0, 0.9, -2, 1, 1, 23.52], 0.06760312],
[425, [-0.01, 0.0, 0.9, -1, 1, 1, 23.42], 0.06760312],
[426, [-0.01, -0.0, 0.9, -1, 1, 1, 23.47], 0.06760312],
[427, [-0.01, -0.0, 0.9, -1, 1, 1, 23.42], 0.06760312],
[428, [-0.01, 0.0, 0.9, -1, 1, 1, 23.52], 0.06760312],
[429, [-0.01, 0.0, 0.91, -1, 1, 1, 23.47], 0.06760312],
[430, [-0.0, 0.0, 0.9, -2, 1, 1, 23.47], 0.06760312],
[431, [-0.01, 0.0, 0.91, -1, 1, 1, 23.56], 0.06760312],
[432, [-0.01, 0.0, 0.9, -1, 1, 1, 23.47], 0.06760312],
[433, [-0.01, 0.01, 0.89, -1, 1, 1, 23.52], 0.06760312],
[434, [-0.01, 0.0, 0.91, -1, 1, 1, 23.47], 0.06760312],
[435, [-0.01, 0.0, 0.9, -2, 1, 1, 23.47], 0.06760312],
[436, [-0.01, 0.0, 0.9, -1, 1, 1, 23.42], 0.06760312],
[437, [-0.01, 0.0, 0.91, -1, 1, 1, 23.52], 0.06760312],
[438, [-0.01, 0.0, 0.91, -1, 1, 1, 23.42], 0.06760312],
[439, [-0.01, 0.01, 0.9, -1, 1, 1, 23.47], 0.06760312],
[440, [-0.01, 0.0, 0.91, -1, 1, 1, 23.47], 0.06760312],
[441, [-0.01, 0.0, 0.9, -1, 1, 1, 23.47], 0.06760312],
[442, [-0.01, -0.0, 0.9, -1, 1, 1, 23.47], 0.06760312],
[443, [-0.01, -0.0, 0.9, -1, 1, 1, 23.42], 0.06760312],
[444, [-0.01, 0.0, 0.91, -1, 1, 1, 23.47], 0.06760312],
[445, [-0.0, 0.0, 0.9, -2, 1, 1, 23.47], 0.06760312],
[446, [-0.01, 0.0, 0.9, -1, 2, 1, 23.52], 0.06760312],
[447, [-0.01, 0.0, 0.91, -1, 1, 1, 23.52], 0.06760312],
[448, [-0.01, 0.0, 0.91, -1, 1, 1, 23.42], 0.06760312],
[449, [-0.01, 0.01, 0.91, -1, 1, 1, 23.42], 0.06760312],
[450, [-0.01, -0.0, 0.9, -2, 1, 1, 23.47], 0.06760312],
[451, [-0.01, 0.0, 0.9, -2, 1, 1, 23.52], 0.06760312],
[452, [-0.01, 0.0, 0.9, -1, 1, 1, 23.47], 0.06760312],
[453, [-0.0, 0.0, 0.9, -1, 1, 1, 23.42], 0.06760312],
[454, [-0.01, 0.01, 0.9, -1, 1, 1, 23.42], 0.06760312],
[455, [-0.0, 0.01, 0.91, -1, 2, 1, 23.47], 0.06760312],
[456, [-0.02, -0.0, 0.91, -1, 1, 1, 23.47], 0.06760312],
[457, [-0.01, 0.01, 0.9, -1, 1, 1, 23.47], 0.06760312],
[458, [-0.01, 0.0, 0.91, -1, 1, 1, 23.42], 0.06760312],
[459, [-0.01, 0.0, 0.9, -1, 1, 1, 23.38], 0.06760312],
[460, [-0.01, 0.01, 0.91, -1, 1, 1, 23.42], 0.06760312],
[461, [-0.02, 0.01, 0.9, -1, 1, 1, 23.42], 0.06760312],
[462, [-0.01, 0.01, 0.9, -2, 1, 1, 23.47], 0.06760312],
[463, [-0.01, 0.01, 0.91, -1, 2, 1, 23.52], 0.06760312],
[464, [-0.01, 0.01, 0.9, -1, 1, 1, 23.47], 0.06760312],
[465, [-0.01, 0.0, 0.91, -1, 1, 1, 23.47], 0.06760312],
[466, [-0.01, -0.0, 0.9, -2, 1, 1, 23.52], 0.06760312],
[467, [-0.01, 0.0, 0.91, -1, 1, 1, 23.47], 0.06760312],
[468, [-0.01, 0.0, 0.91, -1, 1, 1, 23.56], 0.06760312],
[469, [-0.01, 0.01, 0.91, -1, 1, 1, 23.56], 0.06760312],
[470, [-0.0, 0.0, 0.9, -2, 1, 1, 23.52], 0.06760312],
[471, [-0.01, 0.0, 0.9, -1, 1, 1, 23.42], 0.06760312],
[472, [-0.01, 0.0, 0.9, -1, 1, 1, 23.42], 0.06760312],
[473, [-0.01, 0.0, 0.9, -2, 1, 1, 23.42], 0.06760312],
[474, [-0.0, 0.0, 0.9, -2, 1, 1, 23.47], 0.06760312],
[475, [-0.01, 0.0, 0.91, -2, 1, 1, 23.42], 0.06760312],
[476, [-0.01, 0.01, 0.9, -1, 1, 1, 23.52], 0.06760312],
[477, [-0.01, 0.0, 0.9, -1, 2, 1, 23.52], 0.06760312],
[478, [-0.01, -0.0, 0.9, -1, 1, 1, 23.42], 0.06760312],
[479, [-0.0, 0.01, 0.9, -1, 1, 1, 23.52], 0.06760312],
[480, [-0.0, -0.0, 0.92, -1, 1, 1, 23.52], 0.06760312],
[481, [-0.01, 0.0, 0.91, -2, 1, 1, 23.47], 0.06760312],
[482, [-0.01, 0.0, 0.9, -1, 1, 1, 23.42], 0.06760312],
[483, [-0.01, 0.01, 0.91, -1, 1, 1, 23.52], 0.06760312],
[484, [-0.01, -0.0, 0.9, -1, 1, 1, 23.47], 0.06760312],
[485, [-0.02, 0.01, 0.9, -2, 1, 1, 23.47], 0.06760312],
[486, [-0.01, 0.0, 0.9, -1, 1, 1, 23.47], 0.06760312],
[487, [-0.01, 0.0, 0.9, -1, 1, 1, 23.42], 0.06760312],
[488, [-0.01, 0.01, 0.9, -2, 1, 1, 23.42], 0.06760312],
[489, [-0.01, 0.0, 0.91, -1, 1, 1, 23.42], 0.06760312],
[490, [-0.01, 0.0, 0.91, -1, 1, 1, 23.56], 0.06760312],
[491, [-0.01, -0.0, 0.9, -1, 1, 1, 23.52], 0.06760312],
[492, [-0.01, -0.0, 0.91, -1, 1, 1, 23.42], 0.06760312],
[493, [-0.01, 0.01, 0.91, -1, 1, 1, 23.52], 0.06760312],
[494, [-0.01, 0.0, 0.91, -1, 1, 1, 23.52], 0.06760312],
[495, [-0.01, -0.0, 0.9, -2, 1, 1, 23.38], 0.06760312],
[496, [-0.01, 0.0, 0.91, -1, 1, 1, 23.47], 0.06760312],
[497, [-0.01, 0.01, 0.91, -2, 1, 1, 23.52], 0.06760312],
[498, [-0.01, 0.01, 0.91, -1, 1, 1, 23.52], 0.06760312],
[499, [-0.01, 0.0, 0.91, -2, 1, 1, 23.42], 0.06760312],
[500, [-0.0, 0.01, 0.9, -1, 1, 1, 23.47], 0.06760312],
[501, [-0.01, 0.0, 0.9, -1, 1, 1, 23.61], 0.06760312],
[502, [-0.01, 0.01, 0.9, -1, 1, 1, 23.47], 0.06760312],
[503, [-0.01, 0.0, 0.91, -2, 1, 1, 23.47], 0.06760312],
[504, [-0.01, 0.0, 0.91, -1, 1, 1, 23.52], 0.06760312],
[505, [-0.01, 0.01, 0.91, -1, 1, 1, 23.47], 0.06760312],
[506, [-0.01, 0.01, 0.91, -1, 1, 1, 23.56], 0.06760312],
[507, [0.0, 0.0, 0.9, -1, 1, 1, 23.56], 0.06760312],
[508, [-0.01, 0.0, 0.9, -1, 1, 1, 23.47], 0.06760312],
[509, [-0.01, 0.0, 0.9, -2, 1, 1, 23.47], 0.06760312],
[510, [-0.02, 0.0, 0.91, -1, 2, 1, 23.52], 0.06760312],
[511, [-0.01, 0.0, 0.9, -1, 1, 1, 23.52], 0.06760312],
[512, [-0.01, 0.01, 0.9, -2, 1, 1, 23.52], 0.06760312],
[513, [-0.01, 0.0, 0.91, -1, 1, 1, 23.42], 0.06760312],
[514, [-0.01, 0.01, 0.91, -1, 1, 1, 23.52], 0.06760312],
[515, [-0.01, 0.01, 0.9, -1, 1, 1, 23.61], 0.06760312],
[516, [-0.01, 0.01, 0.9, -1, 1, 1, 23.56], 0.06760312],
[517, [-0.01, 0.0, 0.9, -1, 1, 1, 23.47], 0.06760312],
[518, [-0.01, 0.0, 0.9, -2, 1, 1, 23.38], 0.06760312],
[519, [-0.01, 0.0, 0.91, -2, 1, 1, 23.56], 0.06760312],
[520, [-0.01, 0.0, 0.9, -1, 1, 1, 23.56], 0.06760312],
[521, [-0.01, 0.01, 0.9, -2, 1, 1, 23.47], 0.06760312],
[522, [-0.01, 0.0, 0.91, -1, 1, 1, 23.38], 0.06760312],
[523, [-0.01, 0.01, 0.9, -1, 1, 1, 23.42], 0.06760312],
[524, [-0.01, -0.0, 0.89, -2, 2, 1, 23.47], 0.06760312],
[525, [-0.01, 0.0, 0.91, -1, 2, 1, 23.42], 0.06760312],
[526, [-0.02, 0.01, 0.9, -2, 1, 1, 23.52], 0.06760312],
[527, [-0.01, 0.0, 0.91, -1, 1, 1, 23.47], 0.06760312],
[528, [-0.01, 0.0, 0.9, -1, 1, 1, 23.61], 0.06760312],
[529, [-0.01, 0.01, 0.91, -1, 1, 1, 23.47], 0.06760312],
[530, [-0.01, 0.01, 0.9, -1, 1, 1, 23.52], 0.06760312],
[531, [-0.01, 0.0, 0.9, -1, 1, 1, 23.42], 0.06760312],
[532, [-0.0, 0.01, 0.9, -1, 1, 1, 23.47], 0.06760312],
[533, [-0.01, 0.01, 0.91, -1, 1, 1, 23.47], 0.06760312],
[534, [-0.01, 0.01, 0.91, -1, 1, 1, 23.42], 0.06760312],
[535, [-0.01, 0.0, 0.9, -1, 1, 1, 23.47], 0.06760312],
[536, [-0.01, 0.0, 0.91, -1, 1, 1, 23.47], 0.06760312],
[537, [-0.01, 0.0, 0.91, -1, 1, 1, 23.56], 0.06760312],
[538, [-0.01, 0.0, 0.9, -1, 1, 1, 23.52], 0.06760312],
[539, [-0.01, -0.0, 0.9, -2, 1, 1, 23.52], 0.06760312],
[540, [-0.0, 0.0, 0.91, -1, 1, 1, 23.47], 0.06760312],
[541, [-0.02, 0.0, 0.91, -2, 1, 1, 23.42], 0.06760312],
[542, [-0.01, 0.0, 0.9, -1, 1, 1, 23.47], 0.06760312],
[543, [-0.01, 0.0, 0.9, -2, 1, 1, 23.47], 0.06760312],
[544, [-0.01, 0.0, 0.91, -2, 1, 1, 23.56], 0.06760312],
[545, [-0.01, 0.0, 0.9, -1, 1, 1, 23.56], 0.06760312],
[546, [-0.01, 0.0, 0.9, -1, 2, 1, 23.52], 0.06760312],
[547, [-0.01, 0.01, 0.92, -1, 2, 1, 23.47], 0.06760312],
[548, [-0.01, 0.01, 0.91, -1, 1, 1, 23.47], 0.06760312],
[549, [-0.01, 0.01, 0.9, -1, 1, 1, 23.52], 0.06760312],
[550, [-0.01, 0.01, 0.9, -1, 1, 1, 23.52], 0.06760312],
[551, [-0.0, 0.01, 0.9, -1, 1, 1, 23.42], 0.06760312],
[552, [-0.01, 0.01, 0.91, -2, 1, 1, 23.42], 0.06760312],
[553, [-0.01, 0.0, 0.91, -1, 1, 1, 23.38], 0.06760312],
[554, [-0.01, 0.0, 0.91, -1, 1, 1, 23.38], 0.06760312],
[555, [-0.01, 0.0, 0.91, -2, 1, 1, 23.42], 0.06760312],
[556, [-0.01, 0.01, 0.9, -1, 1, 1, 23.52], 0.06760312],
[557, [-0.01, 0.0, 0.91, -1, 1, 1, 23.47], 0.06760312],
[558, [-0.01, 0.0, 0.9, -2, 1, 1, 23.52], 0.06760312],
[559, [-0.01, 0.01, 0.9, -1, 1, 1, 23.47], 0.06760312],
[560, [-0.02, 0.01, 0.91, -1, 1, 1, 23.52], 0.06760312],
[561, [-0.01, 0.0, 0.9, -2, 1, 1, 23.47], 0.06760312],
[562, [-0.01, 0.01, 0.9, -1, 1, 1, 23.52], 0.06760312],
[563, [-0.02, 0.01, 0.9, -1, 1, 1, 23.52], 0.06760312],
[564, [-0.01, -0.0, 0.89, -1, 1, 1, 23.47], 0.06760312],
[565, [-0.01, 0.0, 0.91, -2, 1, 1, 23.56], 0.06760312],
[566, [-0.01, 0.01, 0.91, -1, 1, 1, 23.47], 0.06760312],
[567, [-0.01, 0.0, 0.91, -2, 1, 1, 23.47], 0.06760312],
[568, [-0.0, -0.0, 0.9, -1, 1, 1, 23.47], 0.06760312],
[569, [-0.01, 0.01, 0.89, -1, 1, 1, 23.56], 0.06760312],
[570, [-0.01, -0.0, 0.9, -1, 1, 1, 23.56], 0.06760312],
[571, [-0.01, 0.01, 0.9, -1, 1, 1, 23.56], 0.06760312],
[572, [-0.01, 0.01, 0.91, -2, 1, 1, 23.52], 0.06760312],
[573, [-0.01, 0.0, 0.9, -1, 1, 1, 23.56], 0.06760312],
[574, [-0.01, 0.01, 0.91, -1, 1, 1, 23.47], 0.06760312],
[575, [-0.01, 0.0, 0.91, -1, 2, 1, 23.56], 0.06760312],
[576, [-0.01, -0.01, 0.91, -1, 1, 1, 23.47], 0.06760312],
[577, [-0.01, 0.0, 0.91, -1, 1, 1, 23.42], 0.06760312],
[578, [-0.01, 0.0, 0.91, -2, 1, 1, 23.52], 0.06760312],
[579, [-0.01, 0.01, 0.9, -1, 1, 1, 23.47], 0.06760312],
[580, [-0.01, 0.0, 0.9, -1, 1, 1, 23.61], 0.06760312],
[581, [-0.0, 0.0, 0.91, -1, 1, 1, 23.52], 0.06760312],
[582, [-0.01, 0.01, 0.9, -1, 1, 1, 23.47], 0.06760312],
[583, [-0.01, 0.0, 0.9, -1, 1, 1, 23.52], 0.06760312],
[584, [-0.01, 0.0, 0.91, -1, 1, 1, 23.52], 0.06760312],
[585, [-0.01, 0.0, 0.9, -1, 1, 1, 23.52], 0.06760312],
[586, [-0.0, 0.01, 0.91, -1, 2, 1, 23.56], 0.06760312],
[587, [-0.01, 0.01, 0.89, -1, 1, 1, 23.47], 0.06760312],
[588, [-0.01, 0.0, 0.91, -1, 1, 1, 23.52], 0.06760312],
[589, [-0.0, 0.0, 0.92, -1, 1, 1, 23.47], 0.06760312],
[590, [-0.01, -0.0, 0.9, -1, 1, 1, 23.42], 0.06760312],
[591, [-0.01, 0.01, 0.9, -1, 1, 1, 23.42], 0.06760312],
[592, [-0.01, -0.0, 0.9, -1, 1, 1, 23.56], 0.06760312],
[593, [-0.01, -0.0, 0.9, -1, 1, 1, 23.56], 0.06760312],
[594, [-0.01, 0.0, 0.91, -1, 1, 1, 23.42], 0.06760312],
[595, [-0.02, 0.01, 0.91, -1, 1, 1, 23.56], 0.06760312],
[596, [-0.0, 0.0, 0.92, -1, 1, 1, 23.52], 0.06760312],
[597, [-0.01, 0.0, 0.9, -1, 1, 1, 23.47], 0.06760312],
[598, [-0.02, 0.01, 0.91, -1, 1, 1, 23.42], 0.06760312],
[599, [-0.01, -0.0, 0.91, -2, 1, 1, 23.61], 0.06760312],
[600, [-0.01, 0.01, 0.92, -1, 1, 1, 23.52], 0.06760312],
[601, [-0.0, 0.0, 0.91, -1, 1, 1, 23.42], 0.06760312],
[602, [-0.01, 0.0, 0.91, -1, 1, 1, 23.61], 0.06760312],
[603, [-0.0, 0.0, 0.91, -1, 1, 1, 23.42], 0.06760312],
[604, [-0.01, 0.0, 0.91, -1, 1, 1, 23.56], 0.06760312],
[605, [-0.01, 0.01, 0.9, -1, 2, 1, 23.38], 0.06760312],
[606, [-0.01, 0.01, 0.91, -2, 1, 1, 23.47], 0.06760312],
[607, [-0.01, 0.01, 0.91, -1, 1, 1, 23.42], 0.06760312],
[608, [-0.02, 0.0, 0.9, -2, 2, 1, 23.52], 0.06760312],
[609, [-0.01, 0.0, 0.9, -1, 1, 1, 23.47], 0.06760312],
[610, [-0.01, 0.0, 0.9, -1, 1, 1, 23.47], 0.06760312],
[611, [-0.01, 0.0, 0.91, -1, 1, 1, 23.52], 0.06760312],
[612, [-0.01, 0.0, 0.9, -1, 1, 1, 23.47], 0.06760312],
[613, [-0.01, 0.01, 0.9, -1, 1, 1, 23.56], 0.06760312],
[614, [-0.01, 0.0, 0.9, -1, 1, 1, 23.52], 0.06760312],
[615, [-0.01, 0.01, 0.91, -1, 1, 1, 23.42], 0.06760312],
[616, [-0.01, 0.0, 0.9, -1, 1, 1, 23.52], 0.06760312],
[617, [-0.01, 0.0, 0.91, -1, 1, 1, 23.56], 0.06760312],
[618, [-0.0, 0.0, 0.91, -1, 1, 1, 23.47], 0.06760312],
[619, [-0.01, 0.0, 0.9, -1, 1, 1, 23.56], 0.06760312],
[620, [-0.01, -0.0, 0.9, -1, 1, 1, 23.56], 0.06760312],
[621, [-0.01, 0.0, 0.91, -1, 1, 1, 23.47], 0.06760312],
[622, [-0.01, 0.0, 0.91, -1, 1, 1, 23.42], 0.06760312],
[623, [-0.01, 0.0, 0.91, -1, 1, 1, 23.52], 0.06760312],
[624, [-0.01, 0.0, 0.91, -1, 1, 1, 23.61], 0.06760312],
[625, [-0.02, 0.0, 0.91, -1, 1, 1, 23.52], 0.06760312],
[626, [-0.01, 0.0, 0.9, -1, 1, 1, 23.47], 0.06760312],
[627, [-0.01, 0.01, 0.9, -1, 1, 1, 23.56], 0.06760312],
[628, [-0.01, 0.01, 0.9, -2, 1, 1, 23.52], 0.06760312],
[629, [-0.01, -0.0, 0.92, -1, 1, 1, 23.47], 0.06760312],
[630, [-0.01, 0.01, 0.91, -1, 1, 1, 23.47], 0.06760312],
[631, [-0.01, 0.0, 0.9, -1, 1, 1, 23.52], 0.06760312],
[632, [-0.01, -0.0, 0.9, -1, 1, 1, 23.52], 0.06760312],
[633, [-0.01, 0.0, 0.9, -1, 1, 1, 23.52], 0.06760312],
[634, [-0.01, 0.0, 0.9, -2, 1, 1, 23.61], 0.06760312],
[635, [-0.01, 0.0, 0.9, -1, 1, 1, 23.47], 0.06760312],
[636, [-0.01, -0.0, 0.9, -2, 1, 1, 23.52], 0.06760312],
[637, [-0.01, 0.01, 0.91, -1, 1, 1, 23.52], 0.06760312],
[638, [-0.01, 0.0, 0.91, -1, 1, 1, 23.52], 0.06760312],
[639, [-0.01, 0.0, 0.91, -1, 1, 1, 23.42], 0.06760312],
[640, [-0.0, 0.0, 0.9, -1, 1, 1, 23.52], 0.06760312],
[641, [-0.01, 0.0, 0.9, -1, 1, 1, 23.47], 0.06760312],
[642, [-0.01, -0.0, 0.9, -1, 1, 1, 23.61], 0.06760312],
[643, [-0.01, 0.0, 0.9, -1, 1, 1, 23.56], 0.06760312],
[644, [-0.01, 0.0, 0.91, -1, 1, 1, 23.52], 0.06760312],
[645, [-0.0, 0.01, 0.91, -1, 1, 1, 23.47], 0.06760312],
[646, [-0.01, -0.0, 0.91, -1, 1, 1, 23.47], 0.06760312],
[647, [-0.01, 0.0, 0.9, -1, 1, 1, 23.52], 0.06760312],
[648, [-0.01, 0.0, 0.9, -2, 1, 1, 23.61], 0.06760312],
[649, [-0.02, 0.0, 0.9, -2, 1, 1, 23.56], 0.06760312],
[650, [-0.01, 0.0, 0.9, -1, 1, 1, 23.52], 0.06760312],
[651, [0.0, 0.0, 0.91, -2, 1, 1, 23.56], 0.06760312],
[652, [-0.01, 0.01, 0.9, -1, 1, 1, 23.52], 0.06760312],
[653, [-0.01, -0.0, 0.9, -1, 1, 1, 23.42], 0.06760312],
[654, [-0.01, -0.0, 0.9, -1, 1, 1, 23.56], 0.06760312],
[655, [-0.01, 0.0, 0.91, -1, 1, 1, 23.47], 0.06760312],
[656, [-0.01, 0.01, 0.9, -1, 2, 1, 23.56], 0.06760312],
[657, [-0.01, 0.0, 0.9, -1, 1, 1, 23.56], 0.06760312],
[658, [-0.01, 0.0, 0.9, -1, 1, 1, 23.47], 0.06760312],
[659, [-0.02, 0.0, 0.91, -1, 1, 1, 23.47], 0.06760312],
[660, [-0.01, 0.0, 0.91, -1, 1, 1, 23.56], 0.06760312],
[661, [-0.01, 0.01, 0.91, -1, 1, 1, 23.47], 0.06760312],
[662, [-0.01, 0.01, 0.92, -1, 1, 1, 23.52], 0.06760312],
[663, [-0.01, 0.0, 0.9, -1, 1, 1, 23.52], 0.06760312],
[664, [-0.01, 0.0, 0.91, -1, 2, 1, 23.42], 0.06760312],
[665, [-0.01, 0.0, 0.9, -1, 1, 1, 23.52], 0.06760312],
[666, [-0.01, 0.01, 0.9, -1, 1, 1, 23.61], 0.06760312],
[667, [-0.01, 0.0, 0.89, -1, 1, 1, 23.56], 0.06760312],
[668, [-0.02, 0.0, 0.9, -1, 1, 1, 23.52], 0.06760312],
[669, [-0.01, 0.01, 0.9, -2, 1, 1, 23.52], 0.06760312],
[670, [-0.01, 0.0, 0.91, -1, 1, 1, 23.52], 0.06760312],
[671, [-0.01, 0.01, 0.9, -2, 1, 1, 23.52], 0.06760312],
[672, [-0.01, 0.01, 0.91, -1, 1, 1, 23.47], 0.06760312],
[673, [-0.01, 0.0, 0.91, -1, 1, 1, 23.52], 0.06760312],
[674, [-0.01, 0.01, 0.9, -2, 1, 1, 23.52], 0.06760312],
[675, [-0.02, 0.0, 0.91, -1, 1, 1, 23.52], 0.06760312],
[676, [-0.01, 0.0, 0.9, -1, 1, 1, 23.47], 0.06760312],
[677, [-0.01, 0.0, 0.9, -2, 1, 1, 23.52], 0.06760312],
[678, [-0.01, 0.0, 0.91, -1, 1, 1, 23.52], 0.06760312],
[679, [-0.01, 0.0, 0.9, -1, 1, 1, 23.42], 0.06760312],
[680, [-0.01, 0.0, 0.91, -2, 1, 1, 23.47], 0.06760312],
[681, [-0.01, 0.0, 0.9, -2, 1, 1, 23.52], 0.06760312],
[682, [-0.02, 0.01, 0.9, -1, 1, 1, 23.47], 0.06760312],
[683, [-0.01, 0.0, 0.9, -1, 1, 1, 23.47], 0.06760312],
[684, [-0.01, 0.01, 0.9, -1, 1, 1, 23.61], 0.06760312],
[685, [-0.01, 0.0, 0.91, -1, 1, 1, 23.56], 0.06760312],
[686, [-0.01, 0.0, 0.91, -2, 1, 1, 23.47], 0.06760312],
[687, [-0.01, 0.01, 0.91, -1, 1, 1, 23.42], 0.06760312],
[688, [-0.01, 0.01, 0.89, -1, 1, 1, 23.56], 0.06760312],
[689, [-0.01, 0.0, 0.92, -1, 1, 1, 23.52], 0.06760312],
[690, [-0.01, 0.01, 0.91, -1, 1, 1, 23.56], 0.06760312],
[691, [-0.01, 0.0, 0.9, -1, 1, 1, 23.52], 0.06760312],
[692, [-0.01, 0.01, 0.91, -1, 1, 1, 23.47], 0.06760312],
[693, [-0.01, 0.0, 0.9, -1, 1, 1, 23.56], 0.06760312],
[694, [-0.01, 0.0, 0.91, -2, 1, 1, 23.52], 0.06760312],
[695, [-0.01, 0.0, 0.91, -2, 1, 1, 23.47], 0.06760312],
[696, [-0.01, 0.01, 0.9, -1, 1, 1, 23.52], 0.06760312],
[697, [-0.01, -0.0, 0.91, -1, 1, 1, 23.52], 0.06760312],
[698, [-0.01, 0.0, 0.9, -1, 1, 1, 23.42], 0.06760312],
[699, [-0.01, 0.0, 0.92, -1, 1, 1, 23.42], 0.06760312],
[700, [-0.02, 0.01, 0.9, -1, 1, 1, 23.52], 0.06760312],
[701, [-0.01, 0.0, 0.9, -2, 1, 1, 23.56], 0.06760312],
[702, [-0.01, 0.01, 0.9, -1, 1, 1, 23.47], 0.06760312],
[703, [-0.01, 0.01, 0.91, -1, 1, 1, 23.56], 0.06760312],
[704, [-0.01, 0.0, 0.91, -1, 1, 1, 23.52], 0.06760312],
[705, [-0.01, 0.0, 0.9, -1, 1, 1, 23.52], 0.06760312],
[706, [-0.01, 0.0, 0.91, -1, 1, 1, 23.56], 0.06760312],
[707, [-0.01, 0.0, 0.9, -1, 1, 1, 23.61], 0.06760312],
[708, [-0.01, 0.01, 0.91, -1, 1, 1, 23.52], 0.06760312],
[709, [-0.01, -0.0, 0.9, -1, 1, 1, 23.42], 0.06760312],
[710, [-0.0, 0.01, 0.89, -1, 1, 1, 23.56], 0.06760312],
[711, [-0.01, 0.0, 0.91, -1, 1, 1, 23.52], 0.06760312],
[712, [-0.01, -0.0, 0.9, -1, 1, 1, 23.52], 0.06760312],
[713, [-0.01, 0.01, 0.9, -1, 1, 1, 23.56], 0.06760312],
[714, [-0.02, -0.0, 0.91, -1, 1, 1, 23.56], 0.06760312],
[715, [-0.01, 0.0, 0.9, -2, 1, 1, 23.52], 0.06760312],
[716, [-0.01, 0.01, 0.91, -1, 2, 1, 23.56], 0.06760312],
[717, [-0.01, 0.01, 0.91, -1, 1, 1, 23.47], 0.06760312],
[718, [-0.02, 0.01, 0.91, -1, 1, 1, 23.42], 0.06760312],
[719, [-0.0, 0.01, 0.91, -1, 1, 1, 23.47], 0.06760312],
[720, [-0.01, -0.0, 0.91, -2, 1, 1, 23.56], 0.06760312],
[721, [-0.0, -0.0, 0.9, -1, 1, 1, 23.56], 0.06760312],
[722, [-0.0, 0.01, 0.9, -1, 1, 1, 23.52], 0.06760312],
[723, [-0.01, 0.0, 0.9, -1, 1, 1, 23.61], 0.06760312],
[724, [-0.01, 0.01, 0.9, -1, 1, 1, 23.47], 0.06760312],
[725, [-0.01, 0.01, 0.91, -1, 1, 1, 23.56], 0.06760312],
[726, [-0.01, -0.0, 0.91, -1, 1, 1, 23.56], 0.06760312],
[727, [-0.01, 0.0, 0.91, -1, 2, 1, 23.52], 0.06760312],
[728, [-0.01, -0.0, 0.91, -2, 1, 1, 23.47], 0.06760312],
[729, [-0.02, 0.0, 0.91, -1, 1, 1, 23.52], 0.06760312],
[730, [-0.01, -0.0, 0.91, -1, 1, 1, 23.56], 0.06760312],
[731, [-0.01, 0.0, 0.91, -2, 1, 1, 23.47], 0.06760312],
[732, [-0.01, 0.0, 0.9, -2, 1, 1, 23.52], 0.06760312],
[733, [-0.0, 0.01, 0.9, -1, 1, 1, 23.61], 0.06760312],
[734, [-0.01, 0.01, 0.9, -1, 1, 1, 23.52], 0.06760312],
[735, [-0.01, 0.0, 0.91, -1, 1, 1, 23.47], 0.06760312],
[736, [-0.01, 0.0, 0.9, -1, 1, 1, 23.52], 0.06760312],
[737, [-0.01, 0.01, 0.91, -2, 1, 1, 23.52], 0.06760312],
[738, [-0.01, 0.0, 0.91, -1, 1, 1, 23.52], 0.06760312],
[739, [-0.01, 0.0, 0.9, -1, 1, 1, 23.52], 0.06760312],
[740, [-0.01, -0.0, 0.91, -1, 1, 1, 23.56], 0.06760312],
[741, [-0.01, 0.0, 0.9, -1, 1, 1, 23.52], 0.06760312],
[742, [-0.01, 0.0, 0.91, -1, 1, 1, 23.47], 0.06760312],
[743, [-0.01, 0.0, 0.9, -1, 1, 1, 23.52], 0.06760312],
[744, [-0.01, -0.0, 0.9, -2, 1, 1, 23.52], 0.06760312],
[745, [-0.01, 0.01, 0.9, -1, 1, 1, 23.52], 0.06760312],
[746, [-0.02, 0.0, 0.9, -1, 1, 1, 23.42], 0.06760312],
[747, [-0.01, 0.0, 0.91, -1, 2, 1, 23.56], 0.06760312],
[748, [-0.02, 0.0, 0.91, -1, 1, 1, 23.47], 0.06760312],
[749, [-0.01, 0.0, 0.9, -1, 1, 1, 23.61], 0.06760312],
[750, [-0.01, 0.0, 0.9, -1, 1, 1, 23.56], 0.06760312],
[751, [-0.01, 0.01, 0.91, -1, 1, 1, 23.52], 0.06760312],
[752, [-0.01, 0.01, 0.9, -1, 1, 1, 23.52], 0.06760312],
[753, [-0.01, 0.01, 0.9, -2, 1, 1, 23.66], 0.06760312],
[754, [-0.01, 0.0, 0.9, -2, 1, 1, 23.42], 0.06760312],
[755, [-0.01, 0.01, 0.9, -1, 1, 1, 23.56], 0.06760312],
[756, [-0.01, 0.01, 0.9, -1, 1, 1, 23.52], 0.06760312],
[757, [-0.01, 0.0, 0.9, -1, 2, 1, 23.47], 0.06760312],
[758, [-0.01, 0.0, 0.9, -2, 2, 1, 23.61], 0.06760312],
[759, [-0.01, 0.0, 0.9, -1, 1, 1, 23.52], 0.06760312],
[760, [-0.0, 0.01, 0.91, -1, 1, 1, 23.52], 0.06760312],
[761, [-0.0, 0.01, 0.9, -1, 1, 1, 23.56], 0.06760312],
[762, [-0.01, 0.01, 0.91, -1, 1, 1, 23.47], 0.06760312],
[763, [-0.01, 0.0, 0.91, -1, 1, 1, 23.52], 0.06760312],
[764, [-0.01, 0.01, 0.9, -2, 1, 1, 23.42], 0.06760312],
[765, [-0.01, 0.0, 0.9, -2, 1, 1, 23.61], 0.06760312],
[766, [-0.01, 0.0, 0.91, -1, 1, 1, 23.52], 0.06760312],
[767, [-0.01, -0.0, 0.9, -1, 1, 1, 23.52], 0.06760312],
[768, [-0.01, 0.0, 0.9, -1, 1, 1, 23.56], 0.06760312],
[769, [-0.01, 0.01, 0.92, -1, 1, 1, 23.56], 0.06760312],
[770, [-0.01, -0.0, 0.9, -1, 1, 1, 23.47], 0.06760312],
[771, [-0.0, 0.01, 0.9, -1, 1, 1, 23.47], 0.06760312],
[772, [-0.01, -0.0, 0.9, -1, 1, 1, 23.56], 0.06760312],
[773, [-0.01, 0.0, 0.91, -1, 2, 1, 23.56], 0.06760312],
[774, [-0.01, 0.01, 0.9, -1, 1, 1, 23.56], 0.06760312],
[775, [-0.01, 0.0, 0.91, -1, 1, 1, 23.52], 0.06760312],
[776, [-0.01, 0.0, 0.91, -1, 1, 1, 23.47], 0.06760312],
[777, [-0.01, 0.0, 0.91, -1, 1, 1, 23.47], 0.06760312],
[778, [-0.01, 0.0, 0.91, -1, 1, 1, 23.52], 0.06760312],
[779, [-0.01, 0.0, 0.9, -2, 1, 1, 23.52], 0.06760312],
[780, [-0.01, 0.0, 0.91, -1, 1, 1, 23.47], 0.06760312],
[781, [-0.02, 0.0, 0.91, -1, 1, 1, 23.56], 0.06760312],
[782, [-0.01, 0.0, 0.91, -1, 2, 1, 23.47], 0.06760312],
[783, [-0.01, 0.0, 0.9, -1, 1, 1, 23.52], 0.06760312],
[784, [-0.01, 0.01, 0.9, -1, 1, 1, 23.52], 0.06760312],
[785, [-0.01, 0.0, 0.91, -1, 1, 1, 23.52], 0.06760312],
[786, [-0.01, -0.0, 0.9, -1, 1, 1, 23.52], 0.06760312],
[787, [-0.01, 0.01, 0.9, -1, 1, 1, 23.66], 0.06760312],
[788, [-0.0, 0.0, 0.9, -2, 1, 1, 23.47], 0.06760312],
[789, [-0.01, 0.0, 0.9, -1, 1, 1, 23.56], 0.06760312],
[790, [-0.0, 0.01, 0.9, -1, 1, 1, 23.52], 0.06760312],
[791, [-0.01, 0.01, 0.9, -1, 1, 1, 23.52], 0.06760312],
[792, [-0.01, 0.01, 0.9, -1, 1, 1, 23.52], 0.06760312],
[793, [-0.01, -0.0, 0.9, -1, 1, 1, 23.56], 0.06760312],
[794, [-0.01, 0.0, 0.9, -1, 1, 1, 23.52], 0.06760312],
[795, [-0.01, 0.0, 0.91, -2, 1, 1, 23.56], 0.06760312],
[796, [-0.01, 0.0, 0.91, -2, 1, 1, 23.42], 0.06760312],
[797, [-0.01, 0.0, 0.91, -1, 1, 1, 23.56], 0.06760312],
[798, [-0.01, 0.0, 0.9, -1, 2, 1, 23.47], 0.06760312],
[799, [-0.01, 0.0, 0.89, -2, 1, 1, 23.52], 0.06760312],
[800, [-0.01, 0.0, 0.91, -1, 1, 1, 23.56], 0.06760312],
[801, [-0.01, 0.0, 0.9, -1, 1, 1, 23.52], 0.06760312],
[802, [-0.01, 0.0, 0.91, -1, 1, 1, 23.61], 0.06760312],
[803, [-0.01, -0.01, 0.9, -2, 1, 1, 23.56], 0.06760312],
[804, [-0.01, -0.0, 0.9, -1, 1, 1, 23.52], 0.06760312],
[805, [-0.01, 0.01, 0.9, -1, 1, 1, 23.52], 0.06760312],
[806, [-0.01, 0.0, 0.9, -1, 1, 1, 23.52], 0.06760312],
[807, [-0.01, 0.01, 0.9, -1, 1, 1, 23.56], 0.06760312],
[808, [-0.01, 0.01, 0.91, -1, 1, 1, 23.42], 0.06760312],
[809, [-0.01, 0.0, 0.91, -1, 1, 1, 23.56], 0.06760312],
[810, [-0.01, 0.0, 0.91, -1, 2, 1, 23.42], 0.06760312],
[811, [-0.02, 0.0, 0.91, -1, 1, 1, 23.47], 0.06760312],
[812, [-0.01, 0.0, 0.9, -1, 1, 1, 23.52], 0.06760312],
[813, [-0.01, 0.01, 0.9, -1, 1, 1, 23.42], 0.06760312],
[814, [-0.01, 0.0, 0.91, -2, 1, 1, 23.52], 0.06760312],
[815, [-0.0, 0.01, 0.9, -1, 2, 1, 23.47], 0.06760312],
[816, [-0.01, -0.0, 0.9, -1, 1, 1, 23.56], 0.06760312],
[817, [-0.02, 0.01, 0.9, -2, 1, 1, 23.47], 0.06760312],
[818, [-0.01, 0.0, 0.91, -1, 1, 1, 23.42], 0.06760312],
[819, [-0.01, 0.0, 0.91, -1, 1, 1, 23.52], 0.06760312],
[820, [-0.01, 0.0, 0.9, -2, 1, 1, 23.47], 0.06760312],
[821, [-0.01, -0.0, 0.9, -2, 1, 1, 23.56], 0.06760312],
[822, [-0.0, 0.0, 0.91, -2, 1, 1, 23.52], 0.06760312],
[823, [-0.01, 0.0, 0.91, -1, 1, 1, 23.56], 0.06760312],
[824, [-0.0, 0.0, 0.9, -1, 1, 1, 23.47], 0.06760312],
[825, [-0.01, 0.0, 0.9, -2, 1, 1, 23.47], 0.06760312],
[826, [-0.01, 0.01, 0.91, -2, 1, 1, 23.38], 0.06760312],
[827, [-0.01, 0.01, 0.89, -1, 1, 1, 23.56], 0.06760312],
[828, [-0.01, 0.0, 0.91, -1, 1, 1, 23.42], 0.06760312],
[829, [-0.01, -0.0, 0.9, -1, 1, 1, 23.52], 0.06760312],
[830, [-0.01, 0.0, 0.91, -1, 1, 1, 23.52], 0.06760312],
[831, [-0.01, 0.0, 0.91, -1, 1, 1, 23.61], 0.06760312],
[832, [-0.01, 0.0, 0.91, -1, 1, 1, 23.47], 0.06760312],
[833, [-0.01, 0.0, 0.91, -1, 1, 1, 23.52], 0.06760312],
[834, [-0.0, 0.0, 0.9, -1, 1, 1, 23.47], 0.06760312],
[835, [-0.01, 0.01, 0.9, -1, 1, 1, 23.47], 0.06760312],
[836, [-0.01, 0.0, 0.92, -1, 1, 1, 23.52], 0.06760312],
[837, [-0.0, 0.0, 0.91, -1, 1, 1, 23.56], 0.06760312],
[838, [-0.01, -0.0, 0.9, -1, 1, 1, 23.47], 0.06760312],
[839, [-0.01, 0.0, 0.9, -1, 1, 1, 23.52], 0.06760312],
[840, [-0.0, -0.0, 0.9, -1, 1, 1, 23.42], 0.06760312],
[841, [-0.01, 0.0, 0.91, -1, 1, 1, 23.56], 0.06760312],
[842, [-0.01, 0.0, 0.89, -1, 1, 1, 23.56], 0.06760312],
[843, [-0.01, 0.0, 0.9, -1, 1, 1, 23.42], 0.06760312],
[844, [-0.01, 0.0, 0.91, -1, 1, 1, 23.52], 0.06760312],
[845, [-0.01, 0.01, 0.91, -1, 1, 1, 23.66], 0.06760312],
[846, [-0.0, 0.0, 0.91, -1, 1, 1, 23.47], 0.06760312],
[847, [-0.01, -0.0, 0.9, -1, 2, 1, 23.52], 0.06760312],
[848, [-0.0, 0.01, 0.91, -1, 2, 1, 23.42], 0.06760312],
[849, [-0.01, 0.0, 0.9, -1, 1, 1, 23.52], 0.06760312],
[850, [-0.01, 0.0, 0.9, -2, 2, 1, 23.42], 0.06760312],
[851, [-0.01, 0.01, 0.91, -1, 1, 1, 23.61], 0.06760312],
[852, [-0.01, 0.0, 0.9, -1, 1, 1, 23.47], 0.06760312],
[853, [-0.01, 0.01, 0.91, -1, 1, 1, 23.52], 0.06760312],
[854, [-0.0, 0.0, 0.9, -1, 1, 1, 23.52], 0.06760312],
[855, [-0.01, 0.0, 0.9, -1, 1, 1, 23.52], 0.06760312],
[856, [-0.01, 0.0, 0.9, -1, 1, 1, 23.42], 0.06760312],
[857, [-0.01, -0.0, 0.9, -1, 2, 1, 23.52], 0.06760312],
[858, [-0.01, 0.0, 0.9, -1, 1, 1, 23.52], 0.06760312],
[859, [-0.01, 0.0, 0.91, -1, 1, 1, 23.47], 0.06760312],
[860, [-0.01, 0.0, 0.91, -1, 1, 1, 23.56], 0.06760312],
[861, [-0.01, 0.0, 0.91, -1, 1, 1, 23.52], 0.06760312],
[862, [-0.01, 0.01, 0.9, -2, 1, 1, 23.52], 0.06760312],
[863, [-0.01, 0.0, 0.9, -1, 1, 1, 23.52], 0.06760312],
[864, [-0.01, 0.0, 0.9, -1, 2, 1, 23.52], 0.06760312],
[865, [-0.01, 0.0, 0.91, -2, 1, 1, 23.56], 0.06760312],
[866, [-0.01, 0.0, 0.91, -1, 1, 1, 23.52], 0.06760312],
[867, [-0.01, 0.01, 0.92, -1, 1, 1, 23.56], 0.06760312],
[868, [-0.0, 0.01, 0.9, -1, 1, 1, 23.47], 0.06760312],
[869, [-0.01, -0.0, 0.9, -1, 2, 1, 23.61], 0.06760312],
[870, [-0.0, -0.0, 0.9, -1, 1, 1, 23.52], 0.06760312],
[871, [-0.01, 0.0, 0.91, -1, 1, 1, 23.42], 0.06760312],
[872, [-0.0, 0.01, 0.9, -1, 1, 1, 23.56], 0.06760312],
[873, [-0.0, 0.0, 0.9, -1, 1, 1, 23.52], 0.06760312],
[874, [-0.01, 0.0, 0.91, -1, 1, 1, 23.52], 0.06760312],
[875, [-0.01, -0.0, 0.91, -1, 1, 1, 23.52], 0.06760312],
[876, [-0.01, 0.01, 0.92, -1, 1, 1, 23.61], 0.06760312],
[877, [-0.01, 0.0, 0.9, -1, 1, 1, 23.47], 0.06760312],
[878, [-0.01, 0.0, 0.9, -1, 1, 1, 23.47], 0.06760312],
[879, [-0.01, 0.01, 0.91, -1, 1, 1, 23.52], 0.06760312],
[880, [-0.01, 0.0, 0.9, -2, 1, 1, 23.42], 0.06760312],
[881, [-0.01, -0.0, 0.91, -1, 1, 1, 23.52], 0.06760312],
[882, [-0.01, 0.01, 0.9, -2, 1, 1, 23.56], 0.06760312],
[883, [-0.01, 0.01, 0.91, -1, 1, 1, 23.52], 0.06760312],
[884, [-0.01, 0.0, 0.91, -1, 1, 1, 23.52], 0.06760312],
[885, [-0.01, 0.0, 0.9, -1, 1, 1, 23.52], 0.06760312],
[886, [-0.01, 0.01, 0.91, -1, 1, 1, 23.56], 0.06760312],
[887, [-0.01, 0.0, 0.9, -1, 1, 1, 23.52], 0.06760312],
[888, [-0.01, -0.0, 0.9, -2, 1, 1, 23.52], 0.06760312],
[889, [-0.01, -0.0, 0.91, -1, 1, 1, 23.52], 0.06760312],
[890, [-0.01, 0.0, 0.9, -1, 1, 1, 23.56], 0.06760312],
[891, [-0.01, 0.0, 0.9, -1, 1, 1, 23.42], 0.06760312],
[892, [-0.01, -0.0, 0.91, -1, 1, 1, 23.52], 0.06760312],
[893, [-0.0, 0.0, 0.91, -1, 1, 1, 23.52], 0.06760312],
[894, [-0.01, 0.01, 0.91, -1, 1, 1, 23.52], 0.06760312],
[895, [-0.0, 0.0, 0.9, -1, 2, 1, 23.47], 0.06760312],
[896, [-0.05, 0.0, 0.87, -1, 1, 1, 23.47], 0.06760312],
[897, [-0.0, 0.01, 0.91, -2, 2, 1, 23.56], 0.06760312],
[898, [-0.0, 0.01, 0.9599999, -1, 1, 1, 23.52], 0.06760312],
[899, [-0.01, 0.0, 0.91, -1, 1, 1, 23.52], 0.06760312],
[900, [-0.01, 0.01, 0.9, -2, 1, 1, 23.52], 0.06760312],
[901, [-0.0, 0.0, 0.91, -1, 1, 1, 23.52], 0.06760312],
[902, [-0.01, -0.0, 0.91, -2, 1, 1, 23.47], 0.06760312],
[903, [-0.01, 0.0, 0.9, -2, 1, 1, 23.52], 0.06760312],
[904, [-0.01, 0.0, 0.91, -1, 1, 1, 23.42], 0.06760312],
[905, [-0.01, 0.01, 0.89, -1, 1, 1, 23.52], 0.06760312],
[906, [-0.01, 0.0, 0.9, -1, 1, 1, 23.47], 0.06760312],
[907, [-0.02, 0.01, 0.9, -1, 2, 1, 23.52], 0.06760312],
[908, [-0.01, 0.01, 0.89, -1, 1, 1, 23.42], 0.06760312],
[909, [-0.01, -0.0, 0.9, -2, 1, 1, 23.47], 0.06760312],
[910, [-0.01, 0.0, 0.91, -2, 1, 1, 23.47], 0.06760312],
[911, [-0.01, 0.01, 0.91, -1, 1, 1, 23.52], 0.06760312],
[912, [-0.01, 0.0, 0.9, -1, 1, 1, 23.52], 0.06760312],
[913, [-0.02, 0.01, 0.91, -1, 1, 1, 23.61], 0.06760312],
[914, [-0.01, 0.0, 0.91, -2, 1, 1, 23.61], 0.06760312],
[915, [-0.01, 0.0, 0.91, -1, 1, 1, 23.47], 0.06760312],
[916, [-0.01, 0.0, 0.91, -1, 1, 1, 23.56], 0.06760312],
[917, [-0.01, 0.01, 0.9, -1, 1, 1, 23.47], 0.06760312],
[918, [-0.01, 0.0, 0.91, -1, 1, 1, 23.47], 0.06760312],
[919, [-0.01, -0.0, 0.9, -2, 1, 1, 23.42], 0.06760312],
[920, [-0.01, -0.0, 0.91, -1, 1, 1, 23.61], 0.06760312],
[921, [-0.01, 0.0, 0.91, -1, 1, 1, 23.56], 0.06760312],
[922, [-0.01, 0.01, 0.91, -1, 1, 1, 23.47], 0.06760312],
[923, [-0.01, 0.0, 0.91, -1, 1, 1, 23.52], 0.06760312],
[924, [-0.01, 0.0, 0.9, -1, 1, 1, 23.52], 0.06760312],
[925, [-0.01, 0.0, 0.91, -1, 1, 1, 23.52], 0.06760312],
[926, [-0.01, 0.0, 0.9, -1, 1, 1, 23.56], 0.06760312],
[927, [-0.01, 0.01, 0.9, -1, 1, 1, 23.47], 0.06760312],
[928, [-0.01, 0.0, 0.9, -1, 1, 1, 23.61], 0.06760312],
[929, [-0.01, 0.0, 0.9, -1, 1, 1, 23.52], 0.06760312],
[930, [-0.01, 0.0, 0.91, -1, 1, 1, 23.47], 0.06760312],
[931, [-0.01, 0.0, 0.91, -1, 1, 1, 23.47], 0.06760312],
[932, [-0.01, 0.0, 0.9, -1, 1, 1, 23.42], 0.06760312],
[933, [-0.01, 0.0, 0.9, -1, 1, 1, 23.52], 0.06760312],
[934, [-0.01, 0.01, 0.91, -2, 1, 1, 23.52], 0.06760312],
[935, [-0.01, 0.0, 0.91, -1, 2, 1, 23.56], 0.06760312],
[936, [-0.01, 0.0, 0.9, -1, 1, 1, 23.52], 0.06760312],
[937, [-0.01, 0.01, 0.91, -1, 1, 1, 23.52], 0.06760312],
[938, [-0.01, 0.0, 0.9, -2, 1, 1, 23.61], 0.06760312],
[939, [-0.01, 0.0, 0.9, -1, 1, 1, 23.47], 0.06760312],
[940, [-0.01, 0.0, 0.9, -1, 1, 1, 23.52], 0.06760312],
[941, [-0.01, 0.0, 0.89, -1, 1, 1, 23.56], 0.06760312],
[942, [-0.0, 0.01, 0.9, -1, 1, 1, 23.47], 0.06760312],
[943, [-0.01, -0.0, 0.9, -1, 1, 1, 23.47], 0.06760312],
[944, [-0.01, 0.0, 0.9, -1, 2, 1, 23.47], 0.06760312],
[945, [-0.0, 0.0, 0.9, -1, 1, 1, 23.56], 0.06760312],
[946, [-0.01, 0.0, 0.9, -2, 2, 1, 23.52], 0.06760312],
[947, [-0.01, 0.0, 0.9, -1, 1, 1, 23.52], 0.06760312],
[948, [-0.01, -0.0, 0.9, -1, 1, 1, 23.56], 0.06760312],
[949, [-0.01, -0.01, 0.9, -2, 1, 1, 23.52], 0.06760312],
[950, [-0.01, 0.0, 0.9, -1, 2, 1, 23.52], 0.06760312],
[951, [-0.01, -0.0, 0.9, -1, 2, 1, 23.56], 0.06760312],
[952, [-0.02, 0.01, 0.9, -1, 1, 1, 23.66], 0.06760312],
[953, [-0.01, 0.01, 0.9, -1, 1, 1, 23.52], 0.06760312],
[954, [-0.01, 0.01, 0.91, -1, 1, 1, 23.52], 0.06760312],
[955, [-0.01, 0.0, 0.9, -1, 1, 1, 23.56], 0.06760312],
[956, [-0.02, 0.01, 0.91, -1, 1, 1, 23.52], 0.06760312],
[957, [-0.0, -0.0, 0.91, -1, 1, 1, 23.47], 0.06760312],
[958, [-0.01, 0.0, 0.91, -1, 1, 1, 23.61], 0.06760312],
[959, [-0.01, 0.01, 0.9, -1, 1, 1, 23.61], 0.06760312],
[960, [-0.01, -0.0, 0.91, -2, 1, 1, 23.52], 0.06760312],
[961, [-0.01, 0.0, 0.91, -1, 1, 1, 23.61], 0.06760312],
[962, [-0.01, 0.0, 0.91, -1, 1, 1, 23.56], 0.06760312],
[963, [-0.01, 0.0, 0.9, -1, 1, 1, 23.52], 0.06760312],
[964, [-0.0, 0.01, 0.9, -1, 1, 1, 23.47], 0.06760312],
[965, [-0.0, 0.0, 0.9, -2, 1, 1, 23.42], 0.06760312],
[966, [-0.01, 0.01, 0.91, -1, 1, 1, 23.56], 0.06760312],
[967, [-0.01, 0.01, 0.91, -1, 1, 1, 23.56], 0.06760312],
[968, [-0.0, 0.0, 0.9, -1, 1, 1, 23.47], 0.06760312],
[969, [-0.0, 0.0, 0.91, -1, 1, 1, 23.52], 0.06760312],
[970, [-0.01, 0.0, 0.91, -1, 1, 1, 23.47], 0.06760312],
[971, [-0.01, 0.0, 0.9, -1, 1, 1, 23.52], 0.06760312],
[972, [-0.01, 0.0, 0.91, -2, 1, 1, 23.56], 0.06760312],
[973, [-0.01, 0.01, 0.91, -2, 1, 1, 23.56], 0.06760312],
[974, [-0.01, 0.0, 0.91, -1, 1, 1, 23.47], 0.06760312],
[975, [-0.02, 0.0, 0.9, -1, 1, 1, 23.56], 0.06760312],
[976, [-0.01, 0.0, 0.9, -2, 1, 1, 23.56], 0.06760312],
[977, [-0.01, 0.0, 0.91, -1, 1, 1, 23.52], 0.06760312],
[978, [-0.01, 0.01, 0.9, -1, 1, 1, 23.56], 0.06760312],
[979, [-0.02, 0.0, 0.9, -1, 1, 1, 23.56], 0.06760312],
[980, [-0.01, 0.01, 0.91, -1, 1, 1, 23.56], 0.06760312],
[981, [-0.01, 0.0, 0.9, -1, 1, 1, 23.56], 0.06760312],
[982, [-0.01, 0.0, 0.91, -1, 2, 1, 23.52], 0.06760312],
[983, [-0.01, 0.0, 0.91, -1, 1, 1, 23.52], 0.06760312],
[984, [-0.01, 0.01, 0.91, -1, 1, 1, 23.42], 0.06760312],
[985, [-0.01, 0.01, 0.9, -2, 1, 1, 23.52], 0.06760312],
[986, [-0.01, 0.0, 0.9, -1, 1, 1, 23.52], 0.06760312],
[987, [-0.01, 0.01, 0.91, -1, 1, 1, 23.42], 0.06760312],
[988, [-0.01, 0.01, 0.91, -1, 1, 1, 23.56], 0.06760312],
[989, [-0.01, 0.0, 0.91, -1, 1, 1, 23.52], 0.06760312],
[990, [-0.01, -0.0, 0.9, -1, 1, 1, 23.61], 0.06760312],
[991, [-0.01, 0.0, 0.91, -1, 1, 1, 23.56], 0.06760312],
[992, [-0.01, 0.0, 0.9, -1, 1, 1, 23.56], 0.06760312],
[993, [-0.0, 0.0, 0.91, -1, 1, 1, 23.47], 0.06760312],
[994, [-0.01, 0.0, 0.91, -1, 1, 1, 23.56], 0.06760312],
[995, [-0.01, 0.0, 0.9, -1, 1, 1, 23.52], 0.06760312],
[996, [-0.01, 0.0, 0.9, -1, 1, 1, 23.52], 0.06760312],
[997, [-0.0, 0.0, 0.9, -1, 1, 1, 23.61], 0.06760312],
[998, [-0.01, 0.0, 0.9, -1, 1, 1, 23.47], 0.06760312],
[999, [-0.01, 0.0, 0.91, -2, 1, 1, 23.52], 0.06760312],
[1000, [-0.01, 0.0, 0.9, -1, 1, 1, 23.52], 0.06760312],
[1001, [-0.01, 0.0, 0.91, -1, 1, 1, 23.52], 0.06760312],
[1002, [-0.01, 0.0, 0.9, -2, 1, 1, 23.56], 0.06760312],
[1003, [-0.01, 0.0, 0.91, -1, 1, 1, 23.52], 0.06760312],
[1004, [-0.02, -0.0, 0.91, -1, 1, 1, 23.56], 0.06760312],
[1005, [-0.01, -0.0, 0.91, -1, 1, 1, 23.52], 0.06760312],
[1006, [-0.01, 0.01, 0.91, -1, 1, 1, 23.42], 0.06760312],
[1007, [-0.0, 0.01, 0.9, -1, 1, 1, 23.47], 0.06760312],
[1008, [-0.01, 0.0, 0.91, -1, 1, 1, 23.61], 0.06760312],
[1009, [-0.01, -0.0, 0.9, -1, 1, 1, 23.52], 0.06760312],
[1010, [-0.01, 0.01, 0.9, -2, 1, 1, 23.61], 0.06760312],
[1011, [-0.0, 0.01, 0.91, -1, 1, 1, 23.56], 0.06760312],
[1012, [-0.01, 0.01, 0.9, -1, 1, 1, 23.42], 0.06760312],
[1013, [-0.01, 0.0, 0.9, -1, 1, 1, 23.52], 0.06760312],
[1014, [-0.01, 0.0, 0.91, -1, 1, 1, 23.52], 0.06760312],
[1015, [-0.01, 0.0, 0.9, -1, 1, 1, 23.56], 0.06760312],
[1016, [-0.01, 0.0, 0.9, -1, 1, 1, 23.52], 0.06760312],
[1017, [-0.01, 0.0, 0.91, -1, 1, 1, 23.52], 0.06760312],
[1018, [-0.01, -0.0, 0.9, -1, 1, 1, 23.47], 0.06760312],
[1019, [-0.01, 0.0, 0.9, -1, 1, 1, 23.52], 0.06760312],
[1020, [-0.01, 0.0, 0.91, -2, 1, 1, 23.52], 0.06760312],
[1021, [-0.01, 0.01, 0.91, -2, 1, 1, 23.47], 0.06760312],
[1022, [-0.01, 0.0, 0.9, -1, 1, 1, 23.47], 0.06760312],
[1023, [-0.01, 0.01, 0.91, -2, 1, 1, 23.56], 0.06760312],
[1024, [-0.01, 0.01, 0.9, -1, 1, 1, 23.38], 0.06760312],
[1025, [-0.01, 0.0, 0.9, -1, 1, 1, 23.47], 0.06760312],
[1026, [-0.01, 0.0, 0.9, -1, 1, 1, 23.52], 0.06760312],
[1027, [-0.01, 0.0, 0.91, -1, 1, 1, 23.52], 0.06760312],
[1028, [-0.01, -0.0, 0.9, -1, 2, 1, 23.56], 0.06760312],
[1029, [-0.01, 0.01, 0.91, -1, 1, 1, 23.52], 0.06760312],
[1030, [-0.01, 0.01, 0.9, -1, 1, 1, 23.56], 0.06760312],
[1031, [-0.01, 0.0, 0.91, -1, 1, 1, 23.47], 0.06760312],
[1032, [-0.01, 0.0, 0.91, -1, 1, 1, 23.56], 0.06760312],
[1033, [-0.01, 0.0, 0.9, -1, 1, 1, 23.56], 0.06760312],
[1034, [-0.01, 0.0, 0.91, -1, 1, 1, 23.47], 0.06760312],
[1035, [-0.02, 0.01, 0.9, -1, 1, 1, 23.56], 0.06760312],
[1036, [-0.01, 0.0, 0.9, -1, 1, 1, 23.42], 0.06760312],
[1037, [-0.01, 0.0, 0.91, -2, 1, 1, 23.52], 0.06760312],
[1038, [-0.01, 0.0, 0.91, -2, 1, 1, 23.56], 0.06760312],
[1039, [-0.02, 0.0, 0.9, -1, 1, 1, 23.52], 0.06760312],
[1040, [-0.01, 0.0, 0.9, -1, 1, 1, 23.56], 0.06760312],
[1041, [-0.01, -0.01, 0.91, -2, 2, 1, 23.56], 0.06760312],
[1042, [-0.01, -0.0, 0.9, -2, 1, 1, 23.52], 0.06760312],
[1043, [-0.01, 0.0, 0.91, -1, 1, 1, 23.42], 0.06760312],
[1044, [-0.01, 0.0, 0.9, -1, 1, 1, 23.52], 0.06760312],
[1045, [-0.01, 0.01, 0.91, -2, 1, 1, 23.52], 0.06760312],
[1046, [-0.01, 0.0, 0.9, -1, 1, 1, 23.56], 0.06760312],
[1047, [-0.01, -0.0, 0.9, -1, 1, 1, 23.61], 0.06760312],
[1048, [-0.01, 0.0, 0.9, -1, 1, 1, 23.52], 0.06760312],
[1049, [-0.01, 0.0, 0.9, -2, 1, 1, 23.52], 0.06760312],
[1050, [-0.01, 0.01, 0.9, -1, 1, 1, 23.56], 0.06760312],
[1051, [-0.01, 0.0, 0.91, -1, 2, 1, 23.52], 0.06760312],
[1052, [-0.01, -0.0, 0.9, -2, 1, 1, 23.47], 0.06760312],
[1053, [-0.01, 0.01, 0.91, -1, 1, 1, 23.52], 0.06760312],
[1054, [-0.01, 0.0, 0.91, -1, 1, 1, 23.61], 0.06760312],
