[1, [-0.04, -0.01, 0.9, -1, 1, 1, 23.24], 0.0664166],
[2, [-0.04, -0.01, 0.9, -1, 1, 1, 23.28], 0.0664166],
[3, [-0.03, -0.01, 0.91, -1, 1, 1, 23.24], 0.0664166],
[4, [-0.04, -0.0, 0.9, -1, 1, 1, 23.28], 0.0664166],
[5, [-0.04, -0.01, 0.91, -1, 1, 1, 23.33], 0.0664166],
[6, [-0.03, -0.01, 0.9, -1, 1, 1, 23.28], 0.0664166],
[7, [-0.03, -0.01, 0.91, -1, 1, 1, 23.33], 0.0664166],
[8, [-0.03, -0.01, 0.91, -2, 1, 1, 23.33], 0.0664166],
[9, [-0.04, -0.01, 0.9, -2, 1, 1, 23.28], 0.0664166],
[10, [-0.04, -0.0, 0.9, -1, 1, 1, 23.28], 0.0664166],
[11, [-0.03, -0.01, 0.91, -2, 1, 1, 23.28], 0.0664166],
[12, [-0.03, -0.0, 0.89, -1, 1, 1, 23.28], 0.0664166],
[13, [-0.03, 0.0, 0.9, -1, 1, 1, 23.24], 0.0664166],
[14, [-0.04, -0.01, 0.9, -1, 1, 1, 23.28], 0.0664166],
[15, [-0.03, -0.01, 0.9, -2, 1, 1, 23.33], 0.0664166],
[16, [-0.04, -0.01, 0.91, -1, 1, 1, 23.19], 0.0664166],
[17, [-0.04, -0.01, 0.9, -1, 1, 1, 23.24], 0.0664166],
[18, [-0.03, -0.01, 0.9, -1, 2, 1, 23.24], 0.0664166],
[19, [-0.04, -0.01, 0.91, -1, 1, 1, 23.33], 0.0664166],
[20, [-0.03, -0.01, 0.91, -1, 1, 1, 23.28], 0.0664166],
[21, [-0.04, -0.01, 0.89, -1, 1, 1, 23.19], 0.0664166],
[22, [-0.03, -0.01, 0.91, -1, 1, 1, 23.33], 0.0664166],
[23, [-0.03, -0.01, 0.9, -1, 1, 1, 23.28], 0.0664166],
[24, [-0.03, -0.01, 0.91, -1, 1, 1, 23.33], 0.0664166],
[25, [-0.04, -0.0, 0.89, -1, 1, 1, 23.28], 0.0664166],
[26, [-0.03, -0.01, 0.91, -2, 1, 1, 23.28], 0.0664166],
[27, [-0.03, -0.01, 0.9, -1, 1, 1, 23.33], 0.0664166],
[28, [-0.04, -0.0, 0.91, -1, 1, 1, 23.24], 0.0664166],
[29, [-0.04, -0.01, 0.91, -2, 1, 1, 23.28], 0.0664166],
[30, [-0.04, -0.01, 0.91, -1, 1, 1, 23.28], 0.0664166],
[31, [-0.04, -0.01, 0.9, -2, 1, 1, 23.33], 0.0664166],
[32, [-0.04, -0.0, 0.9, -1, 1, 1, 23.24], 0.0664166],
[33, [-0.04, -0.01, 0.9, -1, 1, 1, 23.24], 0.0664166],
[34, [-0.04, -0.01, 0.91, -1, 1, 1, 23.14], 0.0664166],
[35, [-0.03, -0.0, 0.9, -1, 1, 1, 23.28], 0.0664166],
[36, [-0.03, -0.01, 0.91, -1, 1, 1, 23.33], 0.0664166],
[37, [-0.04, -0.0, 0.9, -1, 1, 1, 23.19], 0.0664166],
[38, [-0.03, -0.0, 0.9, -1, 1, 1, 23.24], 0.0664166],
[39, [-0.04, -0.01, 0.91, -2, 1, 1, 23.24], 0.0664166],
[40, [-0.04, -0.01, 0.9, -1, 1, 1, 23.28], 0.0664166],
[41, [-0.04, -0.0, 0.9, -1, 1, 1, 23.28], 0.0664166],
[42, [-0.04, -0.01, 0.91, -1, 1, 1, 23.28], 0.0664166],
[43, [-0.03, -0.0, 0.9, -1, 1, 1, 23.19], 0.0664166],
[44, [-0.04, -0.01, 0.9, -1, 1, 1, 23.28], 0.0664166],
[45, [-0.04, -0.01, 0.9, -1, 1, 1, 23.24], 0.0664166],
[46, [-0.04, -0.01, 0.9, -1, 1, 1, 23.28], 0.0664166],
[47, [-0.04, -0.01, 0.91, -1, 1, 1, 23.33], 0.0664166],
[48, [-0.02, -0.02, 0.88, -1, 1, 1, 23.24], 0.0664166],
[49, [-0.03, -0.01, 0.91, -1, 1, 1, 23.28], 0.0664166],
[50, [-0.04, -0.01, 0.91, -1, 1, 1, 23.24], 0.0664166],
[51, [-0.03, -0.0, 0.9, -2, 1, 1, 23.24], 0.0664166],
[52, [-0.04, -0.0, 0.9, -1, 1, 1, 23.28], 0.0664166],
[53, [-0.04, -0.01, 0.9, -1, 1, 1, 23.28], 0.0664166],
[54, [-0.04, -0.01, 0.9, -1, 2, 1, 23.33], 0.0664166],
[55, [-0.04, -0.01, 0.91, -1, 1, 1, 23.19], 0.0664166],
[56, [-0.04, -0.01, 0.9, -2, 1, 1, 23.33], 0.0664166],
[57, [-0.03, -0.0, 0.91, -1, 1, 1, 23.28], 0.0664166],
[58, [-0.04, -0.01, 0.9, -1, 1, 1, 23.28], 0.0664166],
[59, [-0.03, -0.0, 0.9, -1, 1, 1, 23.42], 0.0664166],
[60, [-0.03, -0.01, 0.9, -2, 1, 1, 23.28], 0.0664166],
[61, [-0.04, -0.0, 0.9, -1, 1, 1, 23.33], 0.0664166],
[62, [-0.03, -0.01, 0.9, -2, 1, 1, 23.33], 0.0664166],
[63, [-0.04, -0.01, 0.9, -1, 1, 1, 23.28], 0.0664166],
[64, [-0.03, -0.01, 0.91, -1, 1, 1, 23.33], 0.0664166],
[65, [-0.04, -0.01, 0.91, -2, 1, 1, 23.28], 0.0664166],
[66, [-0.03, -0.01, 0.91, -2, 1, 1, 23.28], 0.0664166],
[67, [-0.04, -0.01, 0.9, -1, 1, 1, 23.24], 0.0664166],
[68, [-0.03, -0.0, 0.91, -2, 1, 1, 23.33], 0.0664166],
[69, [-0.03, -0.01, 0.9, -1, 1, 1, 23.28], 0.0664166],
[70, [-0.05, -0.01, 0.9, -1, 1, 1, 23.28], 0.0664166],
[71, [-0.04, -0.01, 0.91, -1, 1, 1, 23.33], 0.0664166],
[72, [-0.03, -0.01, 0.9, -1, 1, 1, 23.33], 0.0664166],
[73, [-0.04, -0.01, 0.9, -1, 1, 1, 23.28], 0.0664166],
[74, [-0.03, -0.01, 0.9, -1, 1, 1, 23.28], 0.0664166],
[75, [-0.03, -0.01, 0.91, -2, 1, 1, 23.28], 0.0664166],
[76, [-0.03, -0.0, 0.9, -1, 1, 1, 23.33], 0.0664166],
[77, [-0.03, -0.01, 0.91, -1, 1, 1, 23.28], 0.0664166],
[78, [-0.03, -0.01, 0.9, -2, 1, 1, 23.28], 0.0664166],
[79, [-0.04, -0.01, 0.91, -1, 1, 1, 23.24], 0.0664166],
[80, [-0.03, -0.0, 0.91, -1, 1, 1, 23.28], 0.0664166],
[81, [-0.04, -0.01, 0.91, -1, 2, 1, 23.19], 0.0664166],
[82, [-0.03, -0.01, 0.91, -1, 2, 1, 23.28], 0.0664166],
[83, [-0.03, -0.01, 0.9, -1, 1, 1, 23.09], 0.0664166],
[84, [-0.03, -0.01, 0.91, -1, 1, 1, 23.38], 0.0664166],
[85, [-0.04, -0.01, 0.9, -2, 1, 1, 23.28], 0.0664166],
[86, [-0.04, -0.01, 0.9, -1, 1, 1, 23.33], 0.0664166],
[87, [-0.03, -0.0, 0.91, -2, 1, 1, 23.33], 0.0664166],
[88, [-0.04, -0.01, 0.9, -1, 1, 1, 23.28], 0.0664166],
[89, [-0.03, -0.01, 0.9, -1, 1, 1, 23.19], 0.0664166],
[90, [-0.04, -0.01, 0.9, -2, 1, 1, 23.24], 0.0664166],
[91, [-0.04, -0.01, 0.9, -2, 1, 1, 23.24], 0.0664166],
[92, [-0.04, -0.0, 0.9, -1, 1, 1, 23.33], 0.0664166],
[93, [-0.03, -0.01, 0.9, -1, 1, 1, 23.28], 0.0664166],
[94, [-0.04, -0.01, 0.91, -1, 1, 1, 23.28], 0.0664166],
[95, [-0.04, -0.0, 0.91, -1, 2, 1, 23.19], 0.0664166],
[96, [-0.03, -0.01, 0.91, -2, 1, 1, 23.28], 0.0664166],
[97, [-0.03, -0.0, 0.91, -1, 1, 1, 23.28], 0.0664166],
[98, [-0.03, -0.01, 0.9, -1, 1, 1, 23.28], 0.0664166],
[99, [-0.04, -0.01, 0.91, -1, 1, 1, 23.33], 0.0664166],
[100, [-0.03, -0.01, 0.91, -1, 1, 1, 23.33], 0.0664166],
[101, [-0.04, -0.0, 0.91, -1, 1, 1, 23.24], 0.0664166],
[102, [-0.02, -0.01, 0.91, -1, 1, 1, 23.19], 0.0664166],
[103, [-0.03, -0.01, 0.91, -1, 1, 1, 23.33], 0.0664166],
[104, [-0.04, -0.01, 0.91, -1, 2, 1, 23.28], 0.0664166],
[105, [-0.04, -0.01, 0.91, -2, 1, 1, 23.38], 0.0664166],
[106, [-0.03, -0.01, 0.9, -1, 1, 1, 23.28], 0.0664166],
[107, [-0.03, -0.01, 0.91, -1, 1, 1, 23.33], 0.0664166],
[108, [-0.03, -0.01, 0.91, -2, 1, 1, 23.24], 0.0664166],
[109, [-0.04, -0.01, 0.9, -2, 1, 1, 23.24], 0.0664166],
[110, [-0.04, -0.01, 0.91, -1, 1, 1, 23.24], 0.0664166],
[111, [-0.03, -0.0, 0.91, -2, 1, 1, 23.28], 0.0664166],
[112, [-0.03, -0.01, 0.9, -2, 1, 1, 23.19], 0.0664166],
[113, [-0.04, -0.01, 0.91, -1, 1, 1, 23.24], 0.0664166],
[114, [-0.03, -0.0, 0.9, -1, 1, 1, 23.28], 0.0664166],
[115, [-0.03, -0.01, 0.9, -2, 1, 1, 23.19], 0.0664166],
[116, [-0.03, -0.01, 0.9, -1, 1, 1, 23.28], 0.0664166],
[117, [-0.03, -0.02, 0.9, -2, 1, 1, 23.28], 0.0664166],
[118, [-0.04, -0.01, 0.91, -1, 1, 1, 23.24], 0.0664166],
[119, [-0.03, -0.0, 0.9, -2, 1, 1, 23.24], 0.0664166],
[120, [-0.04, -0.01, 0.9, -1, 1, 1, 23.33], 0.0664166],
[121, [-0.04, -0.01, 0.9, -2, 1, 1, 23.28], 0.0664166],
[122, [-0.03, -0.01, 0.91, -1, 2, 1, 23.28], 0.0664166],
[123, [-0.04, -0.0, 0.91, -1, 1, 1, 23.24], 0.0664166],
[124, [-0.04, -0.01, 0.9, -1, 1, 1, 23.28], 0.0664166],
[125, [-0.04, -0.0, 0.91, -1, 2, 1, 23.33], 0.0664166],
[126, [-0.04, -0.01, 0.9, -1, 1, 1, 23.28], 0.0664166],
[127, [-0.04, -0.01, 0.92, -1, 1, 1, 23.28], 0.0664166],
[128, [-0.04, -0.01, 0.9, -1, 2, 1, 23.28], 0.0664166],
[129, [-0.03, -0.01, 0.9, -1, 1, 1, 23.28], 0.0664166],
[130, [-0.03, -0.01, 0.91, -1, 1, 1, 23.28], 0.0664166],
[131, [-0.04, -0.01, 0.9, -1, 1, 1, 23.28], 0.0664166],
[132, [-0.04, -0.01, 0.91, -1, 1, 1, 23.28], 0.0664166],
[133, [-0.04, -0.01, 0.9, -1, 1, 1, 23.24], 0.0664166],
[134, [-0.04, -0.01, 0.9, -1, 1, 1, 23.28], 0.0664166],
[135, [-0.04, -0.0, 0.91, -2, 1, 1, 23.28], 0.0664166],
[136, [-0.04, -0.01, 0.9, -1, 1, 1, 23.24], 0.0664166],
[137, [-0.03, -0.01, 0.9, -2, 1, 1, 23.38], 0.0664166],
[138, [-0.03, -0.01, 0.9, -1, 1, 1, 23.33], 0.0664166],
[139, [-0.03, -0.0, 0.91, -2, 1, 1, 23.28], 0.0664166],
[140, [-0.03, -0.01, 0.9, -1, 1, 1, 23.33], 0.0664166],
[141, [-0.03, -0.01, 0.9, -1, 1, 1, 23.33], 0.0664166],
[142, [-0.03, -0.01, 0.9, -1, 1, 1, 23.28], 0.0664166],
[143, [-0.04, -0.0, 0.91, -2, 1, 0, 23.33], 0.0664166],
[144, [-0.1, -0.0, 0.89, 0, 1, 3, 23.33], 0.0664166],
[145, [-0.03, 0.0, 0.91, -2, 1, 1, 23.24], 0.0664166],
[146, [-0.03, -0.01, 0.9, -1, 1, -2, 23.28], 0.0664166],
[147, [-0.04, -0.0, 0.89, -1, 2, 1, 23.24], 0.0664166],
[148, [-0.04, -0.0, 0.91, -1, 1, 1, 23.24], 0.0664166],
[149, [-0.05, -0.0, 0.9, -2, 2, 0, 23.33], 0.0664166],
[150, [-0.03, -0.0, 0.91, -2, 2, 0, 23.28], 0.0664166],
[151, [-0.06, -0.01, 0.9, -2, 2, 0, 23.33], 0.0664166],
[152, [-0.04, -0.01, 0.91, 0, 4, 0, 23.33], 0.0664166],
[153, [-0.06, 0.01, 0.92, -1, 4, -1, 23.24], 0.0664166],
[154, [-0.02, 0.0, 0.9599999, -1, 2, -7, 23.24], 0.0664166],
[155, [-0.06, -0.01, 0.93, 1, 1, -4, 23.33], 0.0664166],
[156, [-0.02, -0.01, 0.93, -8, -3, 3, 23.33], 0.0664166],
[157, [-0.04, -0.04, 0.9, -3, -1, -4, 23.33], 0.0664166],
[158, [-0.06, 0.04, 0.9599999, 1, 2, -13, 23.28], 0.0664166],
[159, [-0.02, 0.01, 0.91, 6, 3, -22, 23.24], 0.0664166],
[160, [-0.05, 0.06, 0.95, -4, 1, -30, 23.28], 0.0664166],
[161, [-0.04, 0.01, 0.91, -6, -13, -51, 23.28], 0.0664166],
[162, [0.05, 0.05, 0.9700001, -4, -5, -41, 23.28], 0.0664166],
[163, [0.02, 0.04, 0.86, 20, 5, -68, 23.38], 0.0664166],
[164, [0.02, 0.04, 0.89, 12, -15, -48, 23.19], 0.0664166],
[165, [0.01, 0.03, 0.92, 2, -6, -42, 23.24], 0.0664166],
[166, [-0.0, 0.04, 0.94, 4, 0, -54, 23.38], 0.0664166],
[167, [0.03, 0.03, 0.86, -2, 11, -62, 23.33], 0.0664166],
[168, [-0.01, 0.0, 0.88, 7, 16, -74, 23.38], 0.0664166],
[169, [0.06, -0.01, 0.89, 13, 2, -83, 23.28], 0.0664166],
[170, [0.03, 0.09, 0.82, 9, 7, -63, 23.28], 0.0664166],
[171, [-0.06, 0.06, 0.86, 8, 15, -44, 23.19], 0.0664166],
[172, [0.01, 0.09, 0.99, 13, -3, -58, 23.28], 0.0664166],
[173, [-0.05, 0.02, 0.89, 7, 2, -55, 23.33], 0.0664166],
[174, [-0.11, 0.11, 0.91, 2, -19, -54, 23.33], 0.0664166],
[175, [-0.04, 0.05, 0.85, -5, -11, -49, 23.28], 0.0664166],
[176, [-0.06, 0.06, 0.89, -3, 6, -53, 23.24], 0.0664166],
[177, [-0.01, 0.1, 0.9, -8, -1, -62, 23.38], 0.0664166],
[178, [-0.05, 0.01, 0.83, -9, 4, -44, 23.28], 0.0664166],
[179, [-0.07, 0.06, 0.98, -7, 10, -41, 23.28], 0.0664166],
[180, [-0.03, -0.05, 0.92, -8, -16, -43, 23.42], 0.0664166],
[181, [-0.09, -0.01, 0.85, -14, 2, -43, 23.33], 0.0664166],
[182, [-0.08, 0.0, 0.89, -6, 7, -48, 23.38], 0.0664166],
[183, [-0.03, -0.02, 0.91, -11, 4, -53, 23.24], 0.0664166],
[184, [-0.03, 0.0, 0.93, -1, -6, -25, 23.28], 0.0664166],
[185, [-0.03, 0.11, 0.9, -2, 11, -9, 23.28], 0.0664166],
[186, [-0.1, -0.07, 0.87, 3, -3, -5, 23.28], 0.0664166],
[187, [-0.02, -0.01, 0.92, 1, -8, 2, 23.28], 0.0664166],
[188, [0.02, 0.07, 0.9599999, -3, 7, -3, 23.33], 0.0664166],
[189, [-0.08, -0.03, 0.88, -5, -2, -18, 23.19], 0.0664166],
[190, [-0.01, -0.03, 0.93, -11, 11, -26, 23.28], 0.0664166],
[191, [-0.05, -0.06, 0.91, -6, 5, -23, 23.28], 0.0664166],
[192, [0.05, 0.06, 0.92, 7, 8, -1, 23.28], 0.0664166],
[193, [-0.03, -0.04, 0.92, 1, 0, 19, 23.33], 0.0664166],
[194, [-0.04, 0.03, 0.93, -3, 5, 9, 23.33], 0.0664166],
[195, [-0.06, -0.05, 0.86, -5, 9, 6, 23.28], 0.0664166],
[196, [-0.03, 0.03, 0.95, -2, -7, 10, 23.38], 0.0664166],
[197, [-0.04, -0.01, 0.89, -3, -7, 10, 23.28], 0.0664166],
[198, [-0.04, 0.0, 0.95, -11, 0, 10, 23.28], 0.0664166],
[199, [-0.01, -0.02, 0.91, 0, -15, 1, 23.28], 0.0664166],
[200, [-0.04, -0.0, 0.89, 1, -9, 6, 23.28], 0.0664166],
[201, [0.01, -0.01, 0.9, 8, 7, 2, 23.42], 0.0664166],
[202, [-0.02, -0.01, 0.91, 3, 11, 4, 23.28], 0.0664166],
[203, [-0.04, -0.05, 1.33, -8, -5, 6, 23.38], 0.0664166],
[204, [-0.03, 0.02, 0.91, -1, 2, 0, 23.33], 0.0664166],
[205, [-0.03, -0.0, 0.91, 0, 1, 1, 23.38], 0.0664166],
[206, [-0.03, -0.0, 0.9, -2, 1, 4, 23.38], 0.0664166],
[207, [-0.04, -0.0, 0.9, -2, 1, 4, 23.33], 0.0664166],
[208, [-0.03, -0.01, 0.91, -2, 1, 3, 23.38], 0.0664166],
[209, [-0.04, -0.01, 0.91, -2, 1, 2, 23.33], 0.0664166],
[210, [-0.03, -0.01, 0.9, -2, 1, 2, 23.33], 0.0664166],
[211, [-0.04, -0.0, 0.9, -2, 1, 2, 23.28], 0.0664166],
[212, [-0.04, -0.01, 0.91, -2, 1, 2, 23.28], 0.0664166],
[213, [-0.03, -0.01, 0.91, -2, 1, 2, 23.28], 0.0664166],
[214, [-0.04, -0.01, 0.91, -2, 1, 1, 23.33], 0.0664166],
[215, [-0.04, -0.01, 0.9, -1, 1, 1, 23.28], 0.0664166],
[216, [-0.04, -0.0, 0.9, -2, 1, 1, 23.28], 0.0664166],
[217, [-0.04, -0.0, 0.9, -2, 1, 1, 23.33], 0.0664166],
[218, [-0.03, -0.01, 0.91, -1, 1, 1, 23.28], 0.0664166],
[219, [-0.04, -0.01, 0.91, -1, 1, 1, 23.33], 0.0664166],
[220, [-0.03, -0.01, 0.9, -1, 1, 1, 23.24], 0.0664166],
[221, [-0.03, -0.0, 0.9, -1, 2, 1, 23.33], 0.0664166],
[222, [-0.03, -0.0, 0.91, -2, 1, 1, 23.28], 0.0664166],
[223, [-0.04, -0.01, 0.9, -1, 1, 1, 23.33], 0.0664166],
[224, [-0.03, -0.0, 0.91, -2, 1, 1, 23.33], 0.0664166],
[225, [-0.03, -0.01, 0.91, -2, 1, 1, 23.38], 0.0664166],
[226, [-0.04, -0.01, 0.91, -1, 1, 1, 23.33], 0.0664166],
[227, [-0.04, 0.0, 0.91, -1, 1, 1, 23.19], 0.0664166],
[228, [-0.04, -0.01, 0.9, -1, 1, 1, 23.33], 0.0664166],
[229, [-0.03, -0.0, 0.9, -1, 1, 1, 23.24], 0.0664166],
[230, [-0.03, -0.01, 0.91, -2, 1, 1, 23.28], 0.0664166],
[231, [-0.04, 0.0, 0.91, -1, 1, 1, 23.38], 0.0664166],
[232, [-0.04, -0.01, 0.92, -1, 1, 1, 23.33], 0.0664166],
[233, [-0.03, -0.0, 0.9, -1, 1, 1, 23.33], 0.0664166],
[234, [-0.04, -0.01, 0.91, -2, 1, 1, 23.28], 0.0664166],
[235, [-0.04, -0.0, 0.9, -2, 1, 1, 23.28], 0.0664166],
[236, [-0.04, -0.0, 0.91, -1, 1, 1, 23.28], 0.0664166],
[237, [-0.04, -0.0, 0.9, -2, 1, 1, 23.28], 0.0664166],
[238, [-0.03, -0.01, 0.9, -1, 1, 1, 23.28], 0.0664166],
[239, [-0.03, -0.01, 0.9, -1, 1, 1, 23.33], 0.0664166],
[240, [-0.04, -0.0, 0.91, -1, 2, 1, 23.24], 0.0664166],
[241, [-0.04, -0.0, 0.9, -1, 1, 1, 23.33], 0.0664166],
[242, [-0.03, -0.01, 0.9, -1, 1, 1, 23.33], 0.0664166],
[243, [-0.04, -0.0, 0.9, -1, 1, 1, 23.38], 0.0664166],
[244, [-0.04, 0.0, 0.9, -1, 1, 1, 23.33], 0.0664166],
[245, [-0.04, -0.0, 0.91, -1, 1, 1, 23.28], 0.0664166],
[246, [-0.03, -0.01, 0.9, -1, 1, 1, 23.28], 0.0664166],
[247, [-0.04, -0.01, 0.91, -1, 1, 1, 23.28], 0.0664166],
[248, [-0.04, -0.0, 0.91, -2, 1, 1, 23.38], 0.0664166],
[249, [-0.04, -0.01, 0.9, -1, 1, 1, 23.28], 0.0664166],
[250, [-0.04, -0.0, 0.91, -1, 1, 1, 23.38], 0.0664166],
[251, [-0.03, -0.01, 0.91, -2, 2, 1, 23.33], 0.0664166],
[252, [-0.03, -0.01, 0.9, -1, 1, 1, 23.24], 0.0664166],
[253, [-0.04, -0.0, 0.91, -2, 1, 1, 23.24], 0.0664166],
[254, [-0.03, -0.01, 0.91, -1, 1, 1, 23.38], 0.0664166],
[255, [-0.04, -0.01, 0.91, -2, 1, 1, 23.33], 0.0664166],
[256, [-0.04, -0.0, 0.9, -1, 1, 1, 23.33], 0.0664166],
[257, [-0.04, -0.0, 0.9, -2, 1, 1, 23.38], 0.0664166],
[258, [-0.04, -0.01, 0.91, -1, 1, 1, 23.28], 0.0664166],
[259, [-0.04, -0.0, 0.9, -1, 1, 1, 23.28], 0.0664166],
[260, [-0.04, -0.01, 0.9, -1, 1, 1, 23.24], 0.0664166],
[261, [-0.04, -0.0, 0.9, -1, 1, 1, 23.28], 0.0664166],
[262, [-0.03, -0.0, 0.91, -1, 1, 1, 23.28], 0.0664166],
[263, [-0.04, -0.0, 0.89, -1, 1, 1, 23.33], 0.0664166],
[264, [-0.04, -0.01, 0.9, -1, 2, 1, 23.28], 0.0664166],
[265, [-0.04, -0.0, 0.9, -1, 1, 1, 23.33], 0.0664166],
[266, [-0.03, -0.01, 0.9, -1, 1, 1, 23.38], 0.0664166],
[267, [-0.03, 0.0, 0.91, -2, 1, 1, 23.33], 0.0664166],
[268, [-0.03, -0.01, 0.91, -1, 1, 1, 23.33], 0.0664166],
[269, [-0.03, -0.0, 0.91, -1, 1, 1, 23.28], 0.0664166],
[270, [-0.04, -0.01, 0.9, -2, 1, 1, 23.33], 0.0664166],
[271, [-0.04, -0.01, 0.91, -1, 1, 1, 23.28], 0.0664166],
[272, [-0.04, -0.0, 0.9, -1, 1, 1, 23.33], 0.0664166],
[273, [-0.04, -0.01, 0.89, -2, 1, 1, 23.28], 0.0664166],
[274, [-0.03, -0.01, 0.9, -2, 1, 1, 23.38], 0.0664166],
[275, [-0.03, -0.01, 0.9, -1, 1, 1, 23.28], 0.0664166],
[276, [-0.03, -0.0, 0.91, -1, 1, 1, 23.38], 0.0664166],
[277, [-0.04, -0.01, 0.9, -2, 1, 1, 23.33], 0.0664166],
[278, [-0.04, 0.0, 0.9, -1, 1, 1, 23.38], 0.0664166],
[279, [-0.03, -0.01, 0.9, -2, 1, 1, 23.33], 0.0664166],
[280, [-0.04, -0.01, 0.91, -1, 1, 1, 23.28], 0.0664166],
[281, [-0.04, -0.01, 0.9, -1, 1, 1, 23.28], 0.0664166],
[282, [-0.04, -0.0, 0.91, -1, 1, 1, 23.28], 0.0664166],
[283, [-0.04, -0.0, 0.9, -2, 1, 1, 23.38], 0.0664166],
[284, [-0.04, -0.01, 0.9, -1, 1, 1, 23.28], 0.0664166],
[285, [-0.04, -0.0, 0.9, -1, 2, 1, 23.28], 0.0664166],
[286, [-0.03, -0.01, 0.92, -1, 1, 1, 23.24], 0.0664166],
[287, [-0.04, -0.0, 0.9, -1, 1, 1, 23.28], 0.0664166],
[288, [-0.03, -0.0, 0.91, -2, 1, 1, 23.28], 0.0664166],
[289, [-0.04, -0.01, 0.91, -2, 1, 1, 23.33], 0.0664166],
[290, [-0.04, -0.01, 0.91, -2, 1, 1, 23.28], 0.0664166],
[291, [-0.03, -0.01, 0.91, -1, 1, 1, 23.28], 0.0664166],
[292, [-0.04, -0.01, 0.91, -2, 1, 1, 23.33], 0.0664166],
[293, [-0.04, -0.01, 0.9, -1, 1, 1, 23.33], 0.0664166],
[294, [-0.03, -0.0, 0.9, -1, 1, 1, 23.24], 0.0664166],
[295, [-0.03, -0.01, 0.91, -1, 1, 1, 23.38], 0.0664166],
[296, [-0.03, -0.01, 0.9, -1, 1, 1, 23.42], 0.0664166],
[297, [-0.03, -0.0, 0.91, -1, 1, 1, 23.33], 0.0664166],
[298, [-0.04, -0.01, 0.9, -1, 1, 1, 23.33], 0.0664166],
[299, [-0.04, -0.0, 0.91, -1, 1, 1, 23.33], 0.0664166],
[300, [-0.03, -0.01, 0.9, -1, 1, 1, 23.33], 0.0664166],
[301, [-0.04, 0.0, 0.9, -1, 1, 1, 23.33], 0.0664166],
[302, [-0.04, -0.01, 0.9, -1, 1, 1, 23.33], 0.0664166],
[303, [-0.04, -0.01, 0.91, -2, 1, 1, 23.38], 0.0664166],
[304, [-0.03, -0.0, 0.91, -1, 1, 1, 23.28], 0.0664166],
[305, [-0.03, -0.0, 0.91, -2, 1, 1, 23.38], 0.0664166],
[306, [-0.04, -0.01, 0.91, -2, 1, 1, 23.33], 0.0664166],
[307, [-0.03, -0.0, 0.89, -1, 1, 1, 23.38], 0.0664166],
[308, [-0.04, -0.0, 0.91, -1, 1, 1, 23.28], 0.0664166],
[309, [-0.04, -0.01, 0.9, -2, 1, 1, 23.24], 0.0664166],
[310, [-0.04, -0.0, 0.91, -1, 1, 1, 23.42], 0.0664166],
[311, [-0.04, -0.01, 0.91, -1, 1, 1, 23.33], 0.0664166],
[312, [-0.03, -0.01, 0.9, -2, 1, 1, 23.28], 0.0664166],
[313, [-0.04, -0.01, 0.91, -1, 1, 1, 23.28], 0.0664166],
[314, [-0.04, -0.0, 0.91, -1, 1, 1, 23.38], 0.0664166],
[315, [-0.04, -0.01, 0.9, -1, 1, 1, 23.42], 0.0664166],
[316, [-0.04, -0.01, 0.9, -1, 1, 1, 23.38], 0.0664166],
[317, [-0.04, -0.0, 0.91, -1, 2, 1, 23.33], 0.0664166],
[318, [-0.04, -0.0, 0.91, -2, 1, 1, 23.42], 0.0664166],
[319, [-0.04, 0.0, 0.9, -2, 1, 1, 23.28], 0.0664166],
[320, [-0.04, -0.01, 0.91, -1, 1, 1, 23.28], 0.0664166],
[321, [-0.03, -0.01, 0.91, -1, 1, 1, 23.28], 0.0664166],
[322, [-0.03, -0.0, 0.9, -1, 1, 1, 23.28], 0.0664166],
[323, [-0.03, -0.0, 0.9, -1, 1, 1, 23.38], 0.0664166],
[324, [-0.04, -0.0, 0.9, -2, 1, 1, 23.38], 0.0664166],
[325, [-0.04, -0.01, 0.91, -1, 1, 1, 23.38], 0.0664166],
[326, [-0.03, -0.01, 0.91, -1, 1, 1, 23.33], 0.0664166],
[327, [-0.03, -0.01, 0.91, -1, 1, 1, 23.38], 0.0664166],
[328, [-0.04, -0.01, 0.91, -1, 1, 1, 23.33], 0.0664166],
[329, [-0.04, -0.0, 0.91, -1, 1, 1, 23.38], 0.0664166],
[330, [-0.04, -0.01, 0.9, -1, 1, 1, 23.38], 0.0664166],
[331, [-0.04, -0.01, 0.91, -2, 1, 1, 23.28], 0.0664166],
[332, [-0.03, 0.0, 0.91, -1, 1, 1, 23.38], 0.0664166],
[333, [-0.03, -0.01, 0.9, -2, 1, 1, 23.38], 0.0664166],
[334, [-0.04, -0.0, 0.91, -1, 1, 1, 23.24], 0.0664166],
[335, [-0.03, -0.0, 0.9, -1, 1, 1, 23.33], 0.0664166],
[336, [-0.03, -0.01, 0.91, -1, 1, 1, 23.24], 0.0664166],
[337, [-0.03, -0.01, 0.9, -1, 1, 1, 23.33], 0.0664166],
[338, [-0.04, -0.01, 0.91, -1, 1, 1, 23.28], 0.0664166],
[339, [-0.04, -0.01, 0.91, -1, 1, 1, 23.33], 0.0664166],
[340, [-0.03, -0.01, 0.91, -1, 1, 1, 23.38], 0.0664166],
[341, [-0.03, 0.0, 0.9, -1, 1, 1, 23.33], 0.0664166],
[342, [-0.03, -0.0, 0.9, -2, 1, 1, 23.38], 0.0664166],
[343, [-0.02, -0.0, 0.91, -1, 1, 1, 23.33], 0.0664166],
[344, [-0.04, -0.01, 0.91, -2, 1, 1, 23.28], 0.0664166],
[345, [-0.03, -0.0, 0.89, -1, 1, 1, 23.28], 0.0664166],
[346, [-0.04, -0.01, 0.9, -2, 1, 1, 23.28], 0.0664166],
[347, [-0.04, -0.0, 0.91, -1, 1, 1, 23.28], 0.0664166],
[348, [-0.04, -0.0, 0.9, -1, 1, 1, 23.38], 0.0664166],
[349, [-0.03, -0.0, 0.91, -1, 1, 1, 23.28], 0.0664166],
[350, [-0.04, -0.0, 0.9, -1, 1, 1, 23.38], 0.0664166],
[351, [-0.04, -0.0, 0.91, -1, 1, 1, 23.28], 0.0664166],
[352, [-0.04, -0.0, 0.91, -2, 1, 1, 23.28], 0.0664166],
[353, [-0.04, -0.01, 0.9, -1, 1, 1, 23.28], 0.0664166],
[354, [-0.04, -0.01, 0.91, -1, 1, 1, 23.28], 0.0664166],
[355, [-0.04, -0.01, 0.9, -2, 1, 1, 23.42], 0.0664166],
[356, [-0.04, -0.0, 0.91, -1, 1, 1, 23.28], 0.0664166],
[357, [-0.03, -0.01, 0.91, -1, 1, 1, 23.28], 0.0664166],
[358, [-0.03, -0.0, 0.91, -1, 1, 1, 23.33], 0.0664166],
[359, [-0.03, -0.0, 0.91, -2, 1, 1, 23.28], 0.0664166],
[360, [-0.04, -0.01, 0.9, -2, 1, 1, 23.33], 0.0664166],
[361, [-0.03, -0.01, 0.9, -1, 1, 1, 23.28], 0.0664166],
[362, [-0.04, -0.01, 0.91, -1, 1, 1, 23.33], 0.0664166],
[363, [-0.04, -0.01, 0.9, -1, 1, 1, 23.38], 0.0664166],
[364, [-0.03, -0.01, 0.91, -1, 1, 1, 23.33], 0.0664166],
[365, [-0.03, -0.01, 0.91, -1, 1, 1, 23.38], 0.0664166],
[366, [-0.04, -0.01, 0.9, -2, 1, 1, 23.28], 0.0664166],
[367, [-0.04, -0.01, 0.9, -2, 2, 1, 23.28], 0.0664166],
[368, [-0.03, -0.01, 0.91, -2, 1, 1, 23.47], 0.0664166],
[369, [-0.04, -0.0, 0.91, -1, 1, 1, 23.24], 0.0664166],
[370, [-0.03, -0.01, 0.9, -1, 1, 1, 23.28], 0.0664166],
[371, [-0.03, -0.01, 0.9, -1, 1, 1, 23.28], 0.0664166],
[372, [-0.04, -0.0, 0.9, -1, 1, 1, 23.28], 0.0664166],
[373, [-0.04, -0.0, 0.91, -1, 1, 1, 23.33], 0.0664166],
[374, [-0.03, -0.01, 0.9, -1, 1, 1, 23.33], 0.0664166],
[375, [-0.04, -0.01, 0.91, -1, 1, 1, 23.38], 0.0664166],
[376, [-0.03, -0.0, 0.9, -1, 2, 1, 23.28], 0.0664166],
[377, [-0.04, -0.01, 0.9, -1, 1, 1, 23.33], 0.0664166],
[378, [-0.04, -0.01, 0.9, -1, 1, 1, 23.38], 0.0664166],
[379, [-0.04, -0.0, 0.9, -1, 1, 1, 23.24], 0.0664166],
[380, [-0.04, -0.01, 0.9, -1, 1, 1, 23.33], 0.0664166],
[381, [-0.04, 0.0, 0.91, -2, 1, 1, 23.33], 0.0664166],
[382, [-0.03, -0.01, 0.9, -1, 1, 1, 23.28], 0.0664166],
[383, [-0.03, -0.0, 0.9, -1, 1, 1, 23.33], 0.0664166],
[384, [-0.04, -0.0, 0.91, -1, 1, 1, 23.38], 0.0664166],
[385, [-0.04, -0.0, 0.9, -2, 1, 1, 23.28], 0.0664166],
[386, [-0.04, 0.01, 0.92, -3, 1, 1, 23.33], 0.0664166],
[387, [-0.01, 0.0, 0.84, -2, 1, 1, 23.24], 0.0664166],
[388, [-0.02, 0.01, 0.85, -2, 0, 1, 23.33], 0.0664166],
[389, [-0.03, -0.01, 0.91, -1, 1, 1, 23.33], 0.0664166],
[390, [-0.03, -0.01, 0.91, -2, 1, 1, 23.28], 0.0664166],
[391, [-0.02, 0.0, 0.95, -3, 2, 1, 23.33], 0.0664166],
[392, [-0.01, -0.0, 0.84, -2, 1, 1, 23.38], 0.0664166],
[393, [0.01, -0.0, 0.98, 0, 1, 1, 23.33], 0.0664166],
[394, [-0.0, -0.01, 0.95, -2, 2, 1, 23.38], 0.0664166],
[395, [-0.03, -0.01, 0.91, -1, 1, 1, 23.28], 0.0664166],
[396, [-0.04, -0.0, 0.9, -1, 1, 1, 23.33], 0.0664166],
[397, [-0.04, -0.0, 0.9, -1, 1, 1, 23.38], 0.0664166],
[398, [-0.04, -0.0, 0.9, -1, 1, 1, 23.42], 0.0664166],
[399, [-0.04, -0.0, 0.91, -1, 2, 1, 23.24], 0.0664166],
[400, [-0.04, -0.01, 0.9, -1, 1, 1, 23.28], 0.0664166],
[401, [-0.03, -0.0, 0.9, -2, 1, 1, 23.28], 0.0664166],
[402, [-0.03, -0.01, 0.9, -2, 2, 1, 23.33], 0.0664166],
[403, [-0.04, -0.01, 0.91, -2, 1, 1, 23.28], 0.0664166],
[404, [-0.03, -0.01, 0.91, -1, 1, 1, 23.24], 0.0664166],
[405, [-0.04, -0.0, 0.9, -1, 2, 1, 23.28], 0.0664166],
[406, [-0.03, -0.0, 0.9, -2, 1, 1, 23.38], 0.0664166],
[407, [-0.03, -0.0, 0.91, -1, 1, 1, 23.28], 0.0664166],
[408, [-0.04, -0.0, 0.9, -2, 1, 1, 23.28], 0.0664166],
[409, [-0.04, -0.01, 0.9, -1, 1, 1, 23.28], 0.0664166],
[410, [-0.04, -0.0, 0.91, -2, 1, 1, 23.28], 0.0664166],
[411, [-0.03, -0.0, 0.9, -1, 1, 1, 23.38], 0.0664166],
[412, [-0.03, -0.01, 0.91, -2, 1, 1, 23.24], 0.0664166],
[413, [-0.04, -0.0, 0.9, -1, 1, 1, 23.42], 0.0664166],
[414, [-0.03, -0.01, 0.9, -1, 1, 1, 23.28], 0.0664166],
[415, [-0.04, -0.0, 0.9, -1, 1, 1, 23.33], 0.0664166],
[416, [-0.03, -0.0, 0.9, -1, 1, 1, 23.28], 0.0664166],
[417, [-0.03, -0.01, 0.91, -1, 1, 1, 23.33], 0.0664166],
[418, [-0.03, -0.01, 0.9, -1, 1, 1, 23.38], 0.0664166],
[419, [-0.04, -0.01, 0.9, -2, 1, 1, 23.42], 0.0664166],
[420, [-0.04, 0.0, 0.91, -1, 1, 1, 23.28], 0.0664166],
[421, [-0.04, -0.01, 0.9, -1, 1, 1, 23.28], 0.0664166],
[422, [-0.03, -0.01, 0.91, -1, 1, 1, 23.28], 0.0664166],
[423, [-0.03, 0.0, 0.91, -1, 1, 1, 23.24], 0.0664166],
[424, [-0.04, -0.01, 0.9, -1, 1, 1, 23.28], 0.0664166],
[425, [-0.03, -0.01, 0.91, -1, 1, 1, 23.33], 0.0664166],
[426, [-0.04, -0.01, 0.91, -1, 1, 1, 23.38], 0.0664166],
[427, [-0.03, -0.0, 0.9, -1, 2, 1, 23.33], 0.0664166],
[428, [-0.03, -0.01, 0.9, -1, 1, 1, 23.38], 0.0664166],
[429, [-0.04, -0.01, 0.92, -2, 1, 1, 23.33], 0.0664166],
[430, [-0.04, -0.0, 0.9, -1, 1, 1, 23.38], 0.0664166],
[431, [-0.03, -0.0, 0.91, -1, 1, 1, 23.38], 0.0664166],
[432, [-0.04, -0.01, 0.9, -1, 1, 1, 23.28], 0.0664166],
[433, [-0.03, -0.01, 0.91, -1, 1, 1, 23.33], 0.0664166],
[434, [-0.04, -0.0, 0.9, -2, 1, 1, 23.33], 0.0664166],
[435, [-0.04, -0.0, 0.9, -1, 1, 1, 23.19], 0.0664166],
[436, [-0.03, -0.01, 0.91, -1, 1, 1, 23.38], 0.0664166],
[437, [-0.03, -0.0, 0.91, -1, 1, 1, 23.28], 0.0664166],
[438, [-0.03, -0.01, 0.91, -1, 2, 1, 23.28], 0.0664166],
[439, [-0.04, -0.0, 0.91, -1, 1, 1, 23.24], 0.0664166],
[440, [-0.03, -0.01, 0.9, -1, 1, 1, 23.42], 0.0664166],
[441, [-0.04, -0.0, 0.9, -1, 1, 1, 23.33], 0.0664166],
[442, [-0.03, -0.0, 0.91, -2, 1, 1, 23.28], 0.0664166],
