[1, [-0.03, -0.0, 0.9, -1, 1, 1, 23.71], 0.06645065],
[2, [-0.03, -0.01, 0.9, -1, 1, 1, 22.91], 0.06645065],
[3, [-0.03, -0.0, 0.9, -1, 1, 1, 23.71], 0.06645065],
[4, [-0.03, -0.0, 0.91, -2, 1, 1, 22.86], 0.06645065],
[5, [-0.03, -0.0, 0.9, -1, 1, 1, 22.86], 0.06645065],
[6, [-0.03, -0.0, 0.9, -1, 1, 1, 23.71], 0.06645065],
[7, [-0.04, -0.01, 0.91, -1, 1, 1, 23.71], 0.06645065],
[8, [-0.03, -0.01, 0.9, -1, 1, 1, 23.0], 0.06645065],
[9, [-0.03, -0.01, 0.9, -1, 1, 1, 23.71], 0.06645065],
[10, [-0.03, -0.01, 0.9, -1, 1, 1, 22.91], 0.06645065],
[11, [-0.03, -0.0, 0.9, -1, 1, 1, 22.86], 0.06645065],
[12, [-0.04, -0.0, 0.91, -1, 1, 1, 22.86], 0.06645065],
[13, [-0.03, -0.01, 0.9, -1, 1, 1, 22.91], 0.06645065],
[14, [-0.03, -0.0, 0.91, -1, 1, 1, 22.91], 0.06645065],
[15, [-0.03, 0.0, 0.91, -1, 1, 1, 23.0], 0.06645065],
[16, [-0.03, -0.0, 0.9, -1, 1, 1, 22.81], 0.06645065],
[17, [-0.02, -0.01, 0.91, -1, 1, 1, 22.91], 0.06645065],
[18, [-0.04, -0.0, 0.91, -1, 1, 1, 22.86], 0.06645065],
[19, [-0.03, -0.01, 0.91, -1, 1, 1, 23.71], 0.06645065],
[20, [-0.03, -0.0, 0.91, -1, 1, 1, 22.91], 0.06645065],
[21, [-0.04, 0.0, 0.9, -1, 1, 1, 22.91], 0.06645065],
[22, [-0.03, -0.0, 0.9, -1, 1, 1, 22.91], 0.06645065],
[23, [-0.03, -0.01, 0.91, -1, 1, 1, 23.71], 0.06645065],
[24, [-0.03, -0.0, 0.91, -1, 1, 1, 23.71], 0.06645065],
[25, [-0.04, -0.0, 0.91, -1, 1, 1, 22.86], 0.06645065],
[26, [-0.03, -0.01, 0.91, -1, 1, 1, 23.71], 0.06645065],
[27, [-0.04, -0.0, 0.9, -1, 1, 1, 22.91], 0.06645065],
[28, [-0.04, -0.01, 0.91, -1, 1, 1, 22.81], 0.06645065],
[29, [-0.03, -0.01, 0.91, -1, 1, 1, 23.71], 0.06645065],
[30, [-0.04, -0.01, 0.91, -1, 1, 1, 22.86], 0.06645065],
[31, [-0.03, -0.0, 0.9, -1, 1, 1, 22.91], 0.06645065],
[32, [-0.03, -0.0, 0.9, -1, 1, 1, 23.71], 0.06645065],
[33, [-0.03, -0.01, 0.9, -1, 1, 1, 22.91], 0.06645065],
[34, [-0.03, -0.01, 0.91, -1, 1, 1, 23.71], 0.06645065],
[35, [-0.03, -0.0, 0.9, -1, 1, 1, 22.86], 0.06645065],
[36, [-0.03, -0.01, 0.9, -1, 1, 1, 22.91], 0.06645065],
[37, [-0.04, -0.0, 0.91, -1, 1, 1, 23.71], 0.06645065],
[38, [-0.04, -0.01, 0.91, -1, 2, 1, 23.71], 0.06645065],
[39, [-0.03, -0.01, 0.9, -1, 2, 1, 22.86], 0.06645065],
[40, [-0.03, 0.0, 0.9, -1, 1, 1, 23.71], 0.06645065],
[41, [-0.04, -0.0, 0.92, -1, 1, 1, 22.91], 0.06645065],
[42, [-0.04, -0.01, 0.91, -1, 1, 1, 23.71], 0.06645065],
[43, [-0.03, -0.01, 0.9, -1, 1, 1, 22.91], 0.06645065],
[44, [-0.04, -0.01, 0.9, -1, 1, 1, 23.0], 0.06645065],
[45, [-0.04, 0.0, 0.9, -1, 1, 1, 22.86], 0.06645065],
[46, [-0.04, -0.0, 0.9, -1, 1, 1, 22.91], 0.06645065],
[47, [-0.03, -0.0, 0.89, -2, 1, 1, 22.91], 0.06645065],
[48, [-0.03, -0.0, 0.9, -1, 1, 1, 23.0], 0.06645065],
[49, [-0.03, -0.01, 0.9, -1, 2, 1, 22.86], 0.06645065],
[50, [-0.04, -0.01, 0.9, -1, 1, 1, 23.71], 0.06645065],
[51, [-0.04, -0.0, 0.91, -1, 1, 1, 23.71], 0.06645065],
[52, [-0.03, 0.0, 0.89, -1, 1, 1, 22.91], 0.06645065],
[53, [-0.03, -0.01, 0.9, -2, 1, 1, 22.91], 0.06645065],
[54, [-0.03, -0.0, 0.9, -1, 1, 1, 22.86], 0.06645065],
[55, [-0.03, -0.01, 0.9, -1, 1, 1, 22.81], 0.06645065],
[56, [-0.03, -0.0, 0.9, -1, 1, 1, 22.91], 0.06645065],
[57, [-0.04, -0.01, 0.91, -2, 1, 1, 22.91], 0.06645065],
[58, [-0.04, -0.0, 0.91, -1, 1, 1, 23.0], 0.06645065],
[59, [-0.04, -0.0, 0.91, -1, 1, 1, 22.91], 0.06645065],
[60, [-0.03, 0.0, 0.9, -1, 1, 1, 23.71], 0.06645065],
[61, [-0.03, -0.0, 0.9, -1, 1, 1, 22.81], 0.06645065],
[62, [-0.03, -0.0, 0.91, -1, 1, 1, 22.91], 0.06645065],
[63, [-0.03, -0.01, 0.9, -1, 1, 1, 23.71], 0.06645065],
[64, [-0.03, -0.0, 0.91, -1, 1, 1, 22.91], 0.06645065],
[65, [-0.03, -0.0, 0.9, -1, 1, 1, 22.86], 0.06645065],
[66, [-0.04, -0.0, 0.92, -1, 1, 1, 23.71], 0.06645065],
[67, [-0.03, -0.01, 0.9, -1, 1, 1, 22.86], 0.06645065],
[68, [-0.03, -0.0, 0.91, -1, 1, 1, 23.71], 0.06645065],
[69, [-0.04, -0.01, 0.91, -1, 1, 1, 22.91], 0.06645065],
[70, [-0.03, -0.0, 0.9, -1, 2, 1, 22.91], 0.06645065],
[71, [-0.04, -0.0, 0.91, -1, 1, 1, 23.71], 0.06645065],
[72, [-0.03, -0.01, 0.9, -1, 1, 1, 23.0], 0.06645065],
[73, [-0.04, -0.01, 0.91, -1, 1, 1, 23.71], 0.06645065],
[74, [-0.03, -0.01, 0.9, -1, 1, 1, 23.0], 0.06645065],
[75, [-0.04, -0.01, 0.91, -1, 1, 1, 23.71], 0.06645065],
[76, [-0.03, -0.01, 0.91, -1, 1, 1, 23.71], 0.06645065],
[77, [-0.03, 0.0, 0.9, -1, 1, 1, 23.71], 0.06645065],
[78, [-0.04, -0.0, 0.91, -1, 1, 1, 22.91], 0.06645065],
[79, [-0.03, -0.0, 0.9, -2, 1, 1, 22.91], 0.06645065],
[80, [-0.03, -0.0, 0.91, -1, 1, 1, 22.86], 0.06645065],
[81, [-0.03, -0.01, 0.9, -1, 1, 1, 23.71], 0.06645065],
[82, [-0.03, -0.01, 0.9, -1, 1, 1, 23.05], 0.06645065],
[83, [-0.02, -0.01, 0.91, -1, 1, 1, 23.0], 0.06645065],
[84, [-0.04, -0.01, 0.9, -2, 1, 1, 23.71], 0.06645065],
[85, [-0.02, -0.01, 0.91, -2, 1, 1, 22.91], 0.06645065],
[86, [-0.03, -0.0, 0.91, -1, 1, 1, 22.86], 0.06645065],
[87, [-0.03, 0.0, 0.91, -1, 1, 1, 22.91], 0.06645065],
[88, [-0.03, -0.0, 0.9, -1, 1, 1, 22.86], 0.06645065],
[89, [-0.03, -0.0, 0.9, -1, 1, 1, 23.71], 0.06645065],
[90, [-0.03, -0.0, 0.9, -1, 1, 1, 23.0], 0.06645065],
[91, [-0.03, -0.01, 0.91, -1, 1, 1, 23.0], 0.06645065],
[92, [-0.03, -0.0, 0.91, -1, 1, 1, 23.0], 0.06645065],
[93, [-0.02, -0.01, 0.91, -1, 1, 1, 22.91], 0.06645065],
[94, [-0.04, -0.0, 0.91, -1, 1, 1, 23.0], 0.06645065],
[95, [-0.03, -0.0, 0.91, -2, 1, 1, 22.91], 0.06645065],
[96, [-0.03, -0.0, 0.91, -1, 2, 1, 22.91], 0.06645065],
[97, [-0.03, -0.0, 0.9, -1, 1, 1, 23.0], 0.06645065],
[98, [-0.03, -0.0, 0.91, -1, 1, 1, 23.0], 0.06645065],
[99, [-0.04, -0.01, 0.9, -1, 1, 1, 23.05], 0.06645065],
[100, [-0.03, -0.0, 0.91, -1, 1, 1, 23.71], 0.06645065],
[101, [-0.04, 0.0, 0.91, -1, 1, 1, 22.86], 0.06645065],
[102, [-0.04, -0.01, 0.91, -1, 1, 1, 23.71], 0.06645065],
[103, [-0.04, -0.0, 0.9, -2, 1, 1, 23.71], 0.06645065],
[104, [-0.04, -0.01, 0.9, -1, 1, 1, 23.0], 0.06645065],
[105, [-0.04, -0.0, 0.91, -1, 1, 1, 23.0], 0.06645065],
[106, [-0.04, -0.01, 0.91, -1, 1, 1, 22.91], 0.06645065],
[107, [-0.03, -0.0, 0.9, -1, 1, 1, 23.0], 0.06645065],
[108, [-0.03, -0.01, 0.9, -1, 1, 1, 22.91], 0.06645065],
[109, [-0.04, -0.0, 0.9, -1, 1, 1, 22.91], 0.06645065],
[110, [-0.04, -0.01, 0.9, -1, 1, 1, 23.0], 0.06645065],
[111, [-0.03, -0.0, 0.9, -1, 1, 1, 23.71], 0.06645065],
[112, [-0.04, -0.01, 0.91, -1, 1, 1, 23.0], 0.06645065],
[113, [-0.04, -0.0, 0.91, -1, 1, 1, 23.0], 0.06645065],
[114, [-0.03, -0.0, 0.9, -1, 1, 1, 23.0], 0.06645065],
[115, [-0.03, 0.0, 0.9, -1, 1, 1, 23.0], 0.06645065],
[116, [-0.03, -0.01, 0.9, -1, 1, 1, 22.91], 0.06645065],
[117, [-0.03, -0.01, 0.89, -1, 1, 1, 22.91], 0.06645065],
[118, [-0.03, -0.01, 0.91, -1, 2, 1, 23.05], 0.06645065],
[119, [-0.04, -0.01, 0.9, -1, 1, 1, 23.71], 0.06645065],
[120, [-0.04, -0.01, 0.9, -2, 1, 1, 23.0], 0.06645065],
[121, [-0.04, -0.01, 0.9, -1, 1, 1, 23.71], 0.06645065],
[122, [-0.04, -0.01, 0.9, -2, 1, 1, 23.05], 0.06645065],
[123, [-0.03, -0.01, 0.9, -1, 1, 1, 22.91], 0.06645065],
[124, [-0.04, -0.0, 0.91, -1, 1, 1, 22.91], 0.06645065],
[125, [-0.03, -0.0, 0.91, -1, 1, 1, 23.71], 0.06645065],
[126, [-0.03, -0.01, 0.91, -1, 1, 1, 23.71], 0.06645065],
[127, [-0.04, 0.0, 0.91, -1, 1, 1, 23.71], 0.06645065],
[128, [-0.03, -0.0, 0.89, -1, 2, 1, 23.0], 0.06645065],
[129, [-0.03, -0.01, 0.9, -2, 1, 1, 23.0], 0.06645065],
[130, [-0.02, -0.0, 0.9, -1, 1, 1, 23.71], 0.06645065],
[131, [-0.04, -0.01, 0.91, -1, 1, 1, 23.71], 0.06645065],
[132, [-0.03, -0.0, 0.91, -1, 1, 1, 23.0], 0.06645065],
[133, [-0.03, -0.0, 0.91, -1, 1, 1, 23.0], 0.06645065],
[134, [-0.03, -0.0, 0.91, -1, 1, 1, 23.71], 0.06645065],
[135, [-0.03, -0.0, 0.91, -1, 1, 1, 23.0], 0.06645065],
[136, [-0.04, -0.01, 0.9, -1, 1, 1, 22.91], 0.06645065],
[137, [-0.04, -0.0, 0.9, -1, 2, 1, 22.91], 0.06645065],
[138, [-0.03, -0.0, 0.9, -1, 1, 1, 23.71], 0.06645065],
[139, [-0.03, -0.0, 0.9, -2, 1, 1, 23.71], 0.06645065],
[140, [-0.04, -0.01, 0.9, -1, 1, 1, 23.0], 0.06645065],
[141, [-0.04, -0.0, 0.91, -1, 1, 1, 22.86], 0.06645065],
[142, [-0.03, -0.01, 0.91, -1, 1, 1, 23.71], 0.06645065],
[143, [-0.04, -0.0, 0.91, -1, 1, 1, 22.91], 0.06645065],
[144, [-0.04, -0.01, 0.9, -1, 1, 1, 22.91], 0.06645065],
[145, [-0.04, -0.01, 0.9, -1, 1, 1, 23.71], 0.06645065],
[146, [-0.04, -0.0, 0.91, -1, 1, 1, 23.0], 0.06645065],
[147, [-0.03, -0.0, 0.9, -1, 1, 1, 23.05], 0.06645065],
[148, [-0.03, -0.01, 0.9, -1, 1, 1, 22.91], 0.06645065],
[149, [-0.03, -0.0, 0.89, -1, 1, 1, 23.71], 0.06645065],
[150, [-0.03, -0.01, 0.91, -1, 1, 1, 23.05], 0.06645065],
[151, [-0.03, -0.0, 0.9, -1, 1, 1, 23.71], 0.06645065],
[152, [-0.04, -0.01, 0.9, -1, 1, 1, 23.71], 0.06645065],
[153, [-0.03, -0.01, 0.9, -1, 1, 1, 23.0], 0.06645065],
[154, [-0.04, -0.01, 0.9, -1, 1, 1, 23.0], 0.06645065],
[155, [-0.03, -0.0, 0.91, -1, 1, 1, 23.0], 0.06645065],
[156, [-0.04, -0.01, 0.9, -1, 1, 1, 23.71], 0.06645065],
[157, [-0.03, -0.0, 0.9, -1, 1, 1, 23.05], 0.06645065],
[158, [-0.03, -0.0, 0.91, -1, 1, 1, 23.0], 0.06645065],
[159, [-0.03, -0.0, 0.91, -1, 1, 1, 23.71], 0.06645065],
[160, [-0.04, -0.01, 0.91, -1, 1, 1, 23.0], 0.06645065],
[161, [-0.04, -0.0, 0.91, -1, 1, 1, 23.71], 0.06645065],
[162, [-0.03, -0.01, 0.91, -1, 1, 1, 23.71], 0.06645065],
[163, [-0.03, -0.0, 0.91, -2, 1, 1, 23.09], 0.06645065],
[164, [-0.04, -0.0, 0.91, -1, 1, 1, 23.05], 0.06645065],
[165, [-0.03, -0.0, 0.91, -1, 1, 1, 23.71], 0.06645065],
[166, [-0.03, -0.0, 0.91, -1, 1, 1, 23.05], 0.06645065],
[167, [-0.03, -0.01, 0.9, -1, 1, 1, 23.09], 0.06645065],
[168, [-0.04, -0.01, 0.91, -1, 1, 1, 23.71], 0.06645065],
[169, [-0.04, -0.01, 0.91, -2, 2, 1, 23.05], 0.06645065],
[170, [-0.03, -0.0, 0.91, -1, 2, 1, 23.71], 0.06645065],
[171, [-0.04, -0.01, 0.9, -1, 1, 1, 22.91], 0.06645065],
[172, [-0.03, -0.01, 0.91, -1, 1, 1, 23.0], 0.06645065],
[173, [-0.03, -0.0, 0.91, -2, 1, 1, 22.91], 0.06645065],
[174, [-0.04, -0.01, 0.89, -2, 2, 1, 23.71], 0.06645065],
[175, [-0.03, -0.01, 0.9, -2, 1, 1, 22.91], 0.06645065],
[176, [-0.03, -0.01, 0.91, -2, 1, 1, 23.09], 0.06645065],
[177, [-0.03, -0.01, 0.9, -2, 1, 1, 23.05], 0.06645065],
[178, [-0.04, -0.01, 0.91, -1, 1, 1, 23.05], 0.06645065],
[179, [-0.04, -0.0, 0.91, -1, 1, 1, 22.91], 0.06645065],
[180, [-0.03, -0.0, 0.9, -1, 1, 1, 23.05], 0.06645065],
[181, [-0.03, -0.01, 0.9, -1, 1, 1, 23.0], 0.06645065],
[182, [-0.03, -0.0, 0.9, -1, 1, 1, 23.71], 0.06645065],
[183, [-0.03, -0.01, 0.91, -1, 2, 1, 22.91], 0.06645065],
[184, [-0.04, -0.0, 0.9, -1, 1, 1, 23.0], 0.06645065],
[185, [-0.04, -0.01, 0.9, -1, 1, 1, 23.09], 0.06645065],
[186, [-0.03, -0.0, 0.9, -1, 1, 1, 23.71], 0.06645065],
[187, [-0.03, -0.0, 0.91, -2, 1, 1, 23.05], 0.06645065],
[188, [-0.03, -0.01, 0.9, -1, 1, 1, 23.05], 0.06645065],
[189, [-0.03, -0.0, 0.9, -1, 1, 1, 23.05], 0.06645065],
[190, [-0.03, -0.0, 0.9, -1, 1, 1, 23.0], 0.06645065],
[191, [-0.03, -0.01, 0.9, -2, 1, 1, 23.71], 0.06645065],
[192, [-0.03, -0.0, 0.9, -1, 1, 1, 23.0], 0.06645065],
[193, [-0.03, -0.01, 0.9, -1, 1, 1, 23.71], 0.06645065],
[194, [-0.03, -0.01, 0.9, -1, 1, 1, 23.0], 0.06645065],
[195, [-0.04, -0.01, 0.91, -1, 1, 1, 23.05], 0.06645065],
[196, [-0.03, -0.01, 0.9, -1, 1, 1, 23.71], 0.06645065],
[197, [-0.03, -0.0, 0.9, -1, 1, 1, 23.0], 0.06645065],
[198, [-0.03, -0.0, 0.9, -1, 1, 1, 23.09], 0.06645065],
[199, [-0.03, -0.01, 0.91, -1, 1, 1, 23.0], 0.06645065],
[200, [-0.04, -0.0, 0.91, -2, 1, 1, 23.05], 0.06645065],
[201, [-0.02, 0.0, 0.9, -1, 1, 1, 23.0], 0.06645065],
[202, [-0.03, -0.0, 0.91, -1, 1, 1, 23.05], 0.06645065],
[203, [-0.03, -0.0, 0.9, -1, 1, 1, 23.71], 0.06645065],
[204, [-0.04, -0.0, 0.91, -1, 1, 1, 22.86], 0.06645065],
[205, [-0.04, -0.0, 0.9, -2, 1, 1, 23.0], 0.06645065],
[206, [-0.04, -0.0, 0.9, -1, 1, 1, 23.0], 0.06645065],
[207, [-0.04, -0.0, 0.9, -1, 1, 1, 23.05], 0.06645065],
[208, [-0.03, -0.0, 0.89, -1, 1, 1, 22.91], 0.06645065],
[209, [-0.03, -0.0, 0.9, -1, 1, 1, 23.0], 0.06645065],
[210, [-0.03, -0.01, 0.9, -1, 1, 1, 22.91], 0.06645065],
[211, [-0.03, -0.01, 0.9, -1, 1, 1, 23.05], 0.06645065],
[212, [-0.03, -0.0, 0.91, -1, 1, 1, 23.0], 0.06645065],
[213, [-0.04, -0.0, 0.91, -1, 1, 1, 23.05], 0.06645065],
[214, [-0.03, -0.0, 0.91, -1, 1, 1, 23.71], 0.06645065],
[215, [-0.04, -0.01, 0.92, -1, 1, 1, 23.05], 0.06645065],
[216, [-0.03, -0.0, 0.9, -1, 1, 1, 23.0], 0.06645065],
[217, [-0.03, -0.01, 0.91, -1, 1, 1, 23.05], 0.06645065],
[218, [-0.04, -0.0, 0.91, -1, 1, 1, 23.0], 0.06645065],
[219, [-0.03, -0.0, 0.91, -1, 1, 1, 22.91], 0.06645065],
[220, [-0.03, -0.01, 0.9, -1, 1, 1, 23.0], 0.06645065],
[221, [-0.04, -0.01, 0.9, -1, 1, 1, 23.71], 0.06645065],
[222, [-0.03, -0.0, 0.9, -1, 1, 1, 23.09], 0.06645065],
[223, [-0.03, 0.0, 0.91, -1, 1, 1, 23.71], 0.06645065],
[224, [-0.04, -0.0, 0.91, -1, 1, 1, 23.05], 0.06645065],
[225, [-0.04, -0.01, 0.91, -1, 1, 1, 23.0], 0.06645065],
[226, [-0.03, -0.01, 0.91, -1, 1, 1, 23.05], 0.06645065],
[227, [-0.03, -0.01, 0.9, -1, 1, 1, 23.71], 0.06645065],
[228, [-0.04, -0.01, 0.9, -1, 1, 1, 23.0], 0.06645065],
[229, [-0.03, -0.01, 0.9, -1, 1, 1, 23.05], 0.06645065],
[230, [-0.04, -0.0, 0.91, -1, 1, 1, 23.0], 0.06645065],
[231, [-0.04, -0.0, 0.91, -1, 1, 1, 23.0], 0.06645065],
[232, [-0.03, -0.01, 0.91, -1, 1, 1, 23.0], 0.06645065],
[233, [-0.03, -0.0, 0.91, -1, 1, 1, 23.71], 0.06645065],
[234, [-0.02, -0.0, 0.9, -2, 1, 1, 23.0], 0.06645065],
[235, [-0.03, -0.01, 0.9, -1, 1, 1, 23.05], 0.06645065],
[236, [-0.04, -0.0, 0.9, -1, 1, 1, 23.71], 0.06645065],
[237, [-0.04, -0.0, 0.9, -1, 1, 1, 23.09], 0.06645065],
[238, [-0.04, -0.0, 0.91, -1, 1, 1, 23.05], 0.06645065],
[239, [-0.03, 0.0, 0.91, -1, 1, 1, 23.0], 0.06645065],
[240, [-0.04, -0.01, 0.9, -1, 1, 1, 22.91], 0.06645065],
[241, [-0.03, -0.0, 0.9, -1, 1, 1, 23.0], 0.06645065],
[242, [-0.03, -0.01, 0.9, -2, 1, 1, 23.0], 0.06645065],
[243, [-0.03, -0.01, 0.9, -2, 2, 1, 23.71], 0.06645065],
[244, [-0.04, -0.01, 0.91, -1, 1, 1, 23.05], 0.06645065],
[245, [-0.03, -0.01, 0.89, -1, 1, 1, 23.05], 0.06645065],
[246, [-0.03, -0.01, 0.91, -1, 1, 1, 23.71], 0.06645065],
[247, [-0.03, -0.0, 0.9, -1, 1, 1, 23.05], 0.06645065],
[248, [-0.03, 0.0, 0.9, -1, 1, 1, 22.86], 0.06645065],
[249, [-0.04, -0.01, 0.91, -2, 1, 1, 23.05], 0.06645065],
[250, [-0.03, -0.0, 0.91, -1, 1, 1, 23.05], 0.06645065],
[251, [-0.04, -0.0, 0.92, -1, 1, 1, 23.05], 0.06645065],
[252, [-0.03, -0.0, 0.91, -1, 1, 1, 23.0], 0.06645065],
[253, [-0.03, -0.0, 0.91, -1, 1, 1, 23.0], 0.06645065],
[254, [-0.03, -0.01, 0.9, -1, 1, 1, 23.05], 0.06645065],
[255, [-0.03, -0.01, 0.9, -1, 1, 1, 23.05], 0.06645065],
[256, [-0.04, -0.0, 0.9, -1, 1, 1, 23.0], 0.06645065],
[257, [-0.03, -0.01, 0.9, -1, 1, 1, 23.71], 0.06645065],
[258, [-0.03, -0.0, 0.91, -1, 1, 1, 23.71], 0.06645065],
[259, [-0.04, -0.0, 0.9, -1, 1, 1, 23.05], 0.06645065],
[260, [-0.03, -0.0, 0.91, -1, 1, 1, 23.05], 0.06645065],
[261, [-0.03, -0.0, 0.9, -1, 1, 1, 23.0], 0.06645065],
[262, [-0.03, -0.0, 0.9, -1, 1, 1, 23.71], 0.06645065],
[263, [-0.03, -0.01, 0.9, -1, 1, 1, 23.71], 0.06645065],
[264, [-0.03, -0.0, 0.91, -1, 1, 1, 23.05], 0.06645065],
[265, [-0.03, -0.0, 0.91, -1, 1, 1, 22.91], 0.06645065],
[266, [-0.03, -0.01, 0.9, -1, 1, 1, 23.0], 0.06645065],
[267, [-0.03, -0.0, 0.91, -1, 1, 1, 23.0], 0.06645065],
[268, [-0.04, -0.0, 0.91, -1, 2, 1, 23.09], 0.06645065],
[269, [-0.04, -0.0, 0.9, -1, 1, 1, 23.05], 0.06645065],
[270, [-0.04, -0.01, 0.91, -1, 1, 1, 23.0], 0.06645065],
[271, [-0.03, -0.01, 0.9, -1, 1, 1, 23.0], 0.06645065],
[272, [-0.03, -0.01, 0.91, -1, 1, 1, 23.05], 0.06645065],
[273, [-0.03, -0.01, 0.91, -1, 1, 1, 23.09], 0.06645065],
[274, [-0.02, -0.0, 0.9, -2, 1, 1, 23.71], 0.06645065],
[275, [-0.03, -0.0, 0.9, -1, 1, 1, 23.71], 0.06645065],
[276, [-0.03, -0.01, 0.91, -2, 1, 1, 23.05], 0.06645065],
[277, [-0.03, -0.0, 0.91, -1, 1, 1, 23.05], 0.06645065],
[278, [-0.04, -0.01, 0.9, -1, 1, 1, 23.0], 0.06645065],
[279, [-0.03, -0.01, 0.91, -1, 2, 1, 23.71], 0.06645065],
[280, [-0.04, -0.01, 0.89, -1, 1, 1, 23.05], 0.06645065],
[281, [-0.04, -0.01, 0.91, -1, 1, 1, 23.0], 0.06645065],
[282, [-0.03, -0.01, 0.9, -1, 1, 1, 23.0], 0.06645065],
[283, [-0.03, -0.0, 0.91, -1, 1, 1, 23.09], 0.06645065],
[284, [-0.04, -0.0, 0.89, -1, 1, 1, 23.05], 0.06645065],
[285, [-0.04, -0.0, 0.91, -1, 1, 1, 23.0], 0.06645065],
[286, [-0.03, -0.0, 0.9, -1, 1, 1, 23.05], 0.06645065],
[287, [-0.03, -0.0, 0.9, -1, 1, 1, 23.14], 0.06645065],
[288, [-0.04, -0.0, 0.91, -2, 1, 1, 23.05], 0.06645065],
[289, [-0.04, -0.0, 0.91, -1, 1, 1, 23.71], 0.06645065],
[290, [-0.04, -0.0, 0.9, -1, 1, 1, 23.09], 0.06645065],
[291, [-0.03, -0.01, 0.91, -2, 1, 1, 23.0], 0.06645065],
[292, [-0.04, -0.01, 0.9, -2, 1, 1, 23.71], 0.06645065],
[293, [-0.03, -0.01, 0.92, -1, 2, 1, 23.0], 0.06645065],
[294, [-0.03, -0.01, 0.91, -1, 1, 1, 23.0], 0.06645065],
[295, [-0.04, -0.01, 0.9, -1, 1, 1, 23.05], 0.06645065],
[296, [-0.03, -0.0, 0.9, -1, 1, 1, 23.0], 0.06645065],
[297, [-0.03, -0.01, 0.91, -1, 1, 1, 23.0], 0.06645065],
[298, [-0.04, -0.0, 0.9, -1, 1, 1, 23.09], 0.06645065],
[299, [-0.03, 0.0, 0.9, -1, 1, 1, 23.05], 0.06645065],
[300, [-0.04, -0.0, 0.9, -1, 1, 1, 23.71], 0.06645065],
[301, [-0.03, -0.01, 0.9, -1, 1, 1, 23.05], 0.06645065],
[302, [-0.02, -0.01, 0.91, -1, 1, 1, 23.05], 0.06645065],
[303, [-0.03, -0.0, 0.9, -2, 1, 1, 23.05], 0.06645065],
[304, [-0.03, -0.01, 0.91, -1, 1, 1, 23.0], 0.06645065],
[305, [-0.04, -0.01, 0.9, -1, 1, 1, 23.0], 0.06645065],
[306, [-0.03, 0.0, 0.91, -1, 1, 1, 23.05], 0.06645065],
[307, [-0.04, 0.0, 0.91, -2, 1, 1, 23.05], 0.06645065],
[308, [-0.04, -0.01, 0.9, -1, 1, 1, 23.0], 0.06645065],
[309, [-0.03, -0.0, 0.91, -1, 1, 1, 23.05], 0.06645065],
[310, [-0.03, -0.01, 0.91, -1, 1, 1, 23.14], 0.06645065],
[311, [-0.03, -0.0, 0.91, -1, 1, 1, 23.71], 0.06645065],
[312, [-0.03, -0.01, 0.91, -1, 1, 1, 23.05], 0.06645065],
[313, [-0.03, -0.01, 0.9, -1, 1, 1, 23.0], 0.06645065],
[314, [-0.04, -0.0, 0.9, -1, 1, 1, 23.09], 0.06645065],
[315, [-0.04, -0.0, 0.91, -1, 1, 1, 23.05], 0.06645065],
[316, [-0.03, -0.0, 0.9, -1, 1, 1, 23.05], 0.06645065],
[317, [-0.03, 0.0, 0.9, -1, 1, 1, 23.05], 0.06645065],
[318, [-0.03, -0.01, 0.91, -1, 1, 1, 23.09], 0.06645065],
[319, [-0.03, -0.0, 0.9, -1, 1, 1, 23.05], 0.06645065],
[320, [-0.03, -0.0, 0.9, -2, 1, 1, 23.05], 0.06645065],
[321, [-0.04, 0.0, 0.9, -1, 1, 1, 23.0], 0.06645065],
[322, [-0.03, -0.01, 0.91, -1, 1, 1, 23.0], 0.06645065],
[323, [-0.04, -0.01, 0.9, -1, 2, 1, 23.0], 0.06645065],
[324, [-0.03, -0.01, 0.9, -1, 1, 1, 23.0], 0.06645065],
[325, [-0.03, -0.0, 0.91, -1, 1, 1, 23.14], 0.06645065],
[326, [-0.04, -0.01, 0.91, -1, 1, 1, 23.05], 0.06645065],
[327, [-0.03, -0.0, 0.91, -1, 1, 1, 23.14], 0.06645065],
[328, [-0.03, -0.0, 0.91, -1, 1, 1, 23.0], 0.06645065],
[329, [-0.03, -0.01, 0.89, -1, 1, 1, 23.05], 0.06645065],
[330, [-0.03, -0.01, 0.9, -1, 1, 1, 23.71], 0.06645065],
[331, [-0.03, -0.01, 0.9, -1, 1, 1, 23.09], 0.06645065],
[332, [-0.03, -0.0, 0.9, -1, 1, 1, 23.05], 0.06645065],
[333, [-0.04, -0.01, 0.91, -1, 1, 1, 23.05], 0.06645065],
[334, [-0.03, -0.0, 0.9, -1, 1, 1, 23.71], 0.06645065],
[335, [-0.04, -0.0, 0.9, -1, 1, 1, 23.0], 0.06645065],
[336, [-0.03, -0.01, 0.91, -2, 2, 1, 23.14], 0.06645065],
[337, [-0.03, -0.0, 0.91, -2, 1, 1, 23.05], 0.06645065],
[338, [-0.03, -0.0, 0.91, -1, 1, 1, 22.91], 0.06645065],
[339, [-0.03, 0.0, 0.91, -1, 1, 1, 22.91], 0.06645065],
[340, [-0.03, -0.0, 0.91, -1, 1, 1, 23.0], 0.06645065],
[341, [-0.03, -0.01, 0.9, -1, 1, 1, 23.0], 0.06645065],
[342, [-0.03, -0.01, 0.9, -2, 1, 1, 23.71], 0.06645065],
[343, [-0.03, -0.01, 0.91, -1, 1, 1, 23.71], 0.06645065],
[344, [-0.04, -0.01, 0.92, -1, 1, 1, 23.05], 0.06645065],
[345, [-0.03, -0.0, 0.9, -1, 1, 1, 23.05], 0.06645065],
[346, [-0.03, -0.0, 0.9, -2, 1, 1, 23.0], 0.06645065],
[347, [-0.03, -0.0, 0.9, -1, 1, 1, 23.14], 0.06645065],
[348, [-0.04, -0.0, 0.9, -1, 1, 1, 23.71], 0.06645065],
[349, [-0.03, -0.01, 0.91, -1, 1, 1, 23.14], 0.06645065],
[350, [-0.03, -0.0, 0.92, -1, 1, 1, 23.05], 0.06645065],
[351, [-0.03, -0.01, 0.92, -1, 1, 1, 23.05], 0.06645065],
[352, [-0.03, -0.0, 0.9, -1, 1, 1, 23.0], 0.06645065],
[353, [-0.04, -0.01, 0.91, -1, 1, 1, 23.05], 0.06645065],
[354, [-0.04, -0.0, 0.91, -2, 1, 1, 23.05], 0.06645065],
[355, [-0.04, -0.01, 0.91, -1, 1, 1, 23.05], 0.06645065],
[356, [-0.03, -0.01, 0.91, -1, 1, 1, 23.0], 0.06645065],
[357, [-0.03, 0.0, 0.9, -1, 1, 1, 23.0], 0.06645065],
[358, [-0.02, -0.0, 0.9, -1, 1, 1, 23.05], 0.06645065],
[359, [-0.04, -0.01, 0.91, -1, 1, 1, 23.05], 0.06645065],
[360, [-0.04, -0.0, 0.9, -1, 1, 1, 23.71], 0.06645065],
[361, [-0.03, -0.0, 0.91, -1, 1, 1, 23.14], 0.06645065],
[362, [-0.03, -0.0, 0.9, -2, 1, 1, 23.05], 0.06645065],
[363, [-0.04, -0.0, 0.9, -1, 1, 1, 23.09], 0.06645065],
[364, [-0.04, -0.0, 0.91, -1, 1, 1, 23.05], 0.06645065],
[365, [-0.03, -0.01, 0.91, -1, 1, 1, 23.71], 0.06645065],
[366, [-0.04, -0.01, 0.9, -1, 1, 1, 23.0], 0.06645065],
[367, [-0.03, -0.0, 0.9, -1, 1, 1, 23.71], 0.06645065],
[368, [-0.03, -0.0, 0.9, -1, 1, 1, 23.0], 0.06645065],
[369, [-0.03, -0.01, 0.9, -2, 1, 1, 23.0], 0.06645065],
[370, [-0.04, -0.0, 0.91, -1, 1, 1, 23.05], 0.06645065],
[371, [-0.03, -0.0, 0.9, -1, 1, 1, 23.0], 0.06645065],
[372, [-0.03, 0.0, 0.91, -1, 1, 1, 23.71], 0.06645065],
[373, [-0.04, -0.01, 0.91, -1, 1, 1, 23.0], 0.06645065],
[374, [-0.03, -0.0, 0.91, -1, 1, 1, 23.05], 0.06645065],
[375, [-0.04, -0.0, 0.91, -1, 1, 1, 23.09], 0.06645065],
[376, [-0.03, -0.0, 0.9, -1, 1, 1, 23.05], 0.06645065],
[377, [-0.04, -0.01, 0.9, -1, 1, 1, 23.0], 0.06645065],
[378, [-0.03, -0.01, 0.9, -1, 1, 1, 23.05], 0.06645065],
[379, [-0.03, -0.01, 0.9, -1, 1, 1, 23.0], 0.06645065],
[380, [-0.04, -0.01, 0.91, -1, 1, 1, 23.09], 0.06645065],
[381, [-0.03, -0.0, 0.91, -1, 1, 1, 23.05], 0.06645065],
[382, [-0.04, -0.0, 0.91, -1, 1, 1, 23.0], 0.06645065],
[383, [-0.03, -0.0, 0.9, -1, 1, 1, 23.05], 0.06645065],
[384, [-0.03, -0.01, 0.91, -1, 1, 1, 23.05], 0.06645065],
[385, [-0.04, -0.0, 0.89, -1, 1, 1, 23.09], 0.06645065],
[386, [-0.03, 0.0, 0.9, -2, 1, 1, 23.05], 0.06645065],
[387, [-0.02, -0.0, 0.9, -1, 1, 1, 23.05], 0.06645065],
[388, [-0.03, -0.0, 0.91, -2, 2, 1, 23.09], 0.06645065],
[389, [-0.04, -0.0, 0.9, -1, 1, 1, 23.05], 0.06645065],
[390, [-0.03, -0.0, 0.9, -2, 1, 1, 23.14], 0.06645065],
[391, [-0.03, -0.0, 0.9, -1, 1, 1, 23.09], 0.06645065],
[392, [-0.03, -0.01, 0.9, -1, 2, 1, 23.05], 0.06645065],
[393, [-0.03, -0.0, 0.9, -1, 1, 1, 23.05], 0.06645065],
[394, [-0.04, -0.0, 0.9, -2, 1, 1, 23.05], 0.06645065],
[395, [-0.02, -0.01, 0.9, -1, 1, 1, 23.05], 0.06645065],
[396, [-0.03, -0.01, 0.91, -1, 1, 1, 23.14], 0.06645065],
[397, [-0.04, -0.0, 0.91, -1, 1, 1, 23.05], 0.06645065],
[398, [-0.03, -0.01, 0.91, -1, 1, 1, 23.14], 0.06645065],
[399, [-0.03, -0.0, 0.91, -1, 1, 1, 23.14], 0.06645065],
[400, [-0.03, -0.0, 0.91, -1, 1, 1, 23.14], 0.06645065],
[401, [-0.04, -0.01, 0.91, -1, 1, 1, 23.05], 0.06645065],
[402, [-0.03, -0.01, 0.91, -2, 1, 1, 23.0], 0.06645065],
[403, [-0.03, -0.0, 0.91, -1, 1, 1, 23.09], 0.06645065],
[404, [-0.03, -0.01, 0.91, -1, 1, 1, 23.0], 0.06645065],
[405, [-0.03, -0.01, 0.9, -1, 1, 1, 23.09], 0.06645065],
[406, [-0.03, -0.01, 0.91, -2, 1, 1, 23.09], 0.06645065],
[407, [-0.03, -0.01, 0.9, -1, 1, 1, 23.09], 0.06645065],
[408, [-0.04, -0.0, 0.9, -1, 1, 1, 23.05], 0.06645065],
[409, [-0.03, -0.01, 0.9, -2, 1, 1, 23.05], 0.06645065],
[410, [-0.04, -0.0, 0.91, -2, 1, 1, 23.71], 0.06645065],
[411, [-0.03, 0.0, 0.91, -2, 1, 1, 23.09], 0.06645065],
[412, [-0.04, -0.01, 0.9, -1, 1, 1, 23.05], 0.06645065],
[413, [-0.04, -0.01, 0.91, -1, 1, 1, 23.05], 0.06645065],
[414, [-0.03, -0.0, 0.9, -1, 1, 1, 23.09], 0.06645065],
[415, [-0.03, -0.0, 0.91, -1, 1, 1, 23.05], 0.06645065],
[416, [-0.04, -0.0, 0.91, -1, 1, 1, 23.19], 0.06645065],
[417, [-0.03, -0.01, 0.91, -1, 1, 1, 23.14], 0.06645065],
[418, [-0.03, -0.0, 0.9, -1, 1, 1, 23.14], 0.06645065],
[419, [-0.03, 0.0, 0.91, -1, 1, 1, 23.05], 0.06645065],
[420, [-0.03, -0.01, 0.91, -1, 1, 1, 23.71], 0.06645065],
[421, [-0.03, -0.0, 0.9, -1, 1, 1, 23.05], 0.06645065],
[422, [-0.04, -0.01, 0.9, -1, 1, 1, 23.09], 0.06645065],
[423, [-0.04, -0.01, 0.9, -1, 1, 1, 23.05], 0.06645065],
[424, [-0.04, -0.0, 0.9, -1, 1, 1, 23.09], 0.06645065],
[425, [-0.04, -0.01, 0.91, -1, 1, 1, 23.09], 0.06645065],
[426, [-0.03, -0.0, 0.9, -1, 1, 1, 23.71], 0.06645065],
[427, [-0.03, -0.01, 0.91, -1, 2, 1, 23.05], 0.06645065],
[428, [-0.03, -0.0, 0.91, -1, 1, 1, 23.14], 0.06645065],
[429, [-0.04, -0.0, 0.9, -2, 1, 1, 23.0], 0.06645065],
[430, [-0.03, -0.0, 0.9, -1, 1, 1, 23.05], 0.06645065],
[431, [-0.03, -0.01, 0.91, -1, 1, 1, 23.05], 0.06645065],
[432, [-0.03, -0.0, 0.91, -2, 2, 1, 23.05], 0.06645065],
[433, [-0.03, -0.01, 0.91, -1, 1, 1, 23.14], 0.06645065],
[434, [-0.03, -0.01, 0.91, -1, 1, 1, 23.09], 0.06645065],
[435, [-0.03, -0.01, 0.9, -2, 1, 1, 23.09], 0.06645065],
[436, [-0.04, -0.01, 0.91, -1, 1, 1, 23.14], 0.06645065],
[437, [-0.03, -0.0, 0.91, -1, 1, 1, 23.14], 0.06645065],
[438, [-0.03, -0.0, 0.91, -1, 1, 1, 23.09], 0.06645065],
[439, [-0.04, -0.0, 0.9, -1, 1, 1, 23.05], 0.06645065],
[440, [-0.04, -0.0, 0.89, -1, 1, 1, 23.05], 0.06645065],
[441, [-0.03, -0.01, 0.9, -1, 1, 1, 23.09], 0.06645065],
[442, [-0.04, -0.0, 0.9, -1, 1, 1, 23.05], 0.06645065],
[443, [-0.04, -0.0, 0.9, -1, 1, 1, 23.09], 0.06645065],
[444, [-0.03, -0.0, 0.91, -1, 1, 1, 23.05], 0.06645065],
[445, [-0.03, -0.01, 0.9, -1, 1, 1, 23.71], 0.06645065],
[446, [-0.03, -0.0, 0.9, -1, 1, 1, 23.0], 0.06645065],
[447, [-0.13, -0.04, 0.74, -3, -1, 1, 23.05], 0.06645065],
[448, [-0.01, -0.01, 0.9, -2, 1, 1, 23.05], 0.06645065],
[449, [-0.03, 0.0, 0.9, -1, 1, 1, 23.05], 0.06645065],
[450, [-0.03, 0.0, 0.9, -2, 1, 1, 23.05], 0.06645065],
[451, [-0.03, -0.01, 0.91, -2, 1, 1, 23.19], 0.06645065],
[452, [-0.04, -0.0, 0.91, -1, 1, 1, 23.05], 0.06645065],
[453, [-0.02, -0.01, 0.9, -1, 2, 1, 23.0], 0.06645065],
[454, [-0.03, -0.01, 0.9, -2, 1, 1, 23.09], 0.06645065],
[455, [-0.03, -0.01, 0.91, -1, 1, 1, 23.14], 0.06645065],
[456, [-0.02, -0.0, 0.91, -1, 1, 1, 23.05], 0.06645065],
[457, [-0.03, -0.01, 0.9, -1, 1, 1, 23.09], 0.06645065],
[458, [-0.03, -0.01, 0.9, -1, 1, 1, 23.0], 0.06645065],
[459, [-0.03, -0.01, 0.9, -1, 1, 1, 23.0], 0.06645065],
[460, [-0.03, -0.0, 0.91, -1, 1, 1, 23.09], 0.06645065],
[461, [-0.03, -0.0, 0.9, -1, 1, 1, 23.05], 0.06645065],
[462, [-0.03, -0.01, 0.9, -2, 1, 1, 23.05], 0.06645065],
[463, [-0.03, -0.0, 0.91, -1, 1, 1, 23.0], 0.06645065],
[464, [-0.03, -0.0, 0.91, -1, 1, 1, 23.14], 0.06645065],
[465, [-0.03, 0.0, 0.9, -1, 1, 1, 23.05], 0.06645065],
[466, [-0.03, -0.0, 0.91, -1, 1, 1, 23.09], 0.06645065],
[467, [-0.03, -0.0, 0.9, -1, 1, 1, 23.0], 0.06645065],
[468, [-0.03, -0.01, 0.9, -1, 1, 1, 23.0], 0.06645065],
[469, [-0.03, -0.01, 0.91, -1, 1, 1, 23.71], 0.06645065],
[470, [-0.02, -0.01, 0.91, -1, 1, 1, 23.05], 0.06645065],
[471, [-0.03, -0.0, 0.9, -1, 1, 1, 23.14], 0.06645065],
[472, [-0.03, 0.0, 0.9, -1, 1, 1, 23.09], 0.06645065],
[473, [-0.03, -0.01, 0.91, -2, 1, 1, 23.14], 0.06645065],
[474, [-0.03, -0.0, 0.91, -1, 1, 1, 23.14], 0.06645065],
[475, [-0.03, -0.0, 0.9, -1, 2, 1, 23.05], 0.06645065],
[476, [-0.03, -0.0, 0.9, -1, 1, 1, 23.05], 0.06645065],
[477, [-0.03, 0.0, 0.91, -1, 1, 1, 23.71], 0.06645065],
[478, [-0.03, 0.0, 0.9, -2, 1, 1, 23.05], 0.06645065],
[479, [-0.03, -0.0, 0.91, -1, 1, 1, 23.09], 0.06645065],
[480, [-0.03, -0.01, 0.91, -2, 2, 1, 23.05], 0.06645065],
[481, [-0.03, -0.0, 0.9, -1, 1, 1, 23.14], 0.06645065],
[482, [-0.03, -0.0, 0.9, -1, 1, 1, 23.09], 0.06645065],
[483, [-0.03, -0.01, 0.91, -2, 1, 1, 23.05], 0.06645065],
[484, [-0.04, -0.0, 0.91, -2, 1, 1, 23.05], 0.06645065],
[485, [-0.03, 0.0, 0.9, -1, 1, 1, 23.05], 0.06645065],
[486, [-0.03, -0.0, 0.91, -1, 1, 1, 23.05], 0.06645065],
[487, [-0.04, -0.0, 0.9, -1, 1, 1, 23.05], 0.06645065],
[488, [-0.03, -0.0, 0.9, -1, 1, 1, 23.09], 0.06645065],
[489, [-0.04, -0.01, 0.9, -1, 1, 1, 23.09], 0.06645065],
[490, [-0.04, -0.01, 0.9, -1, 1, 1, 23.05], 0.06645065],
[491, [-0.04, -0.01, 0.91, -1, 1, 1, 23.09], 0.06645065],
[492, [-0.04, -0.0, 0.9, -1, 1, 1, 23.09], 0.06645065],
[493, [-0.04, 0.0, 0.9, -2, 1, 1, 23.05], 0.06645065],
[494, [-0.03, -0.01, 0.9, -1, 1, 1, 23.14], 0.06645065],
[495, [-0.04, -0.0, 0.9, -2, 1, 1, 23.14], 0.06645065],
[496, [-0.04, -0.0, 0.91, -1, 1, 1, 23.09], 0.06645065],
[497, [-0.04, -0.0, 0.91, -1, 1, 1, 23.09], 0.06645065],
[498, [-0.03, -0.01, 0.9, -1, 1, 1, 23.09], 0.06645065],
[499, [-0.03, -0.01, 0.9, -1, 1, 1, 23.71], 0.06645065],
[500, [-0.03, -0.0, 0.9, -1, 1, 1, 23.05], 0.06645065],
[501, [-0.04, -0.0, 0.91, -1, 1, 1, 23.09], 0.06645065],
[502, [-0.04, -0.01, 0.9, -1, 1, 1, 23.0], 0.06645065],
[503, [-0.04, -0.01, 0.91, -1, 1, 1, 23.05], 0.06645065],
[504, [-0.03, -0.01, 0.91, -1, 1, 1, 23.09], 0.06645065],
[505, [-0.03, -0.01, 0.9, -1, 1, 1, 23.09], 0.06645065],
[506, [-0.03, -0.0, 0.9, -1, 1, 1, 23.14], 0.06645065],
[507, [-0.04, -0.0, 0.9, -2, 1, 1, 23.14], 0.06645065],
[508, [-0.03, -0.0, 0.9, -1, 1, 1, 23.09], 0.06645065],
[509, [-0.03, -0.0, 0.9, -1, 1, 1, 23.09], 0.06645065],
[510, [-0.03, -0.01, 0.9, -1, 1, 1, 23.09], 0.06645065],
[511, [-0.03, -0.0, 0.91, -1, 1, 1, 23.05], 0.06645065],
[512, [-0.03, -0.0, 0.9, -1, 1, 1, 23.05], 0.06645065],
[513, [-0.03, -0.01, 0.9, -1, 1, 1, 23.19], 0.06645065],
[514, [-0.03, -0.0, 0.9, -1, 1, 1, 23.05], 0.06645065],
[515, [-0.03, 0.0, 0.91, -1, 1, 1, 23.09], 0.06645065],
[516, [-0.03, -0.0, 0.9, -1, 1, 1, 23.09], 0.06645065],
[517, [-0.04, -0.01, 0.9, -1, 1, 1, 23.0], 0.06645065],
[518, [-0.03, -0.01, 0.91, -1, 1, 1, 23.05], 0.06645065],
[519, [-0.03, -0.01, 0.91, -1, 1, 1, 23.14], 0.06645065],
[520, [-0.04, -0.0, 0.9, -1, 1, 1, 23.19], 0.06645065],
[521, [-0.03, -0.0, 0.91, -1, 1, 1, 23.0], 0.06645065],
[522, [-0.03, 0.0, 0.91, -1, 1, 1, 23.14], 0.06645065],
[523, [-0.03, -0.0, 0.91, -1, 1, 1, 23.05], 0.06645065],
[524, [-0.03, -0.01, 0.91, -1, 1, 1, 23.09], 0.06645065],
[525, [-0.03, -0.0, 0.9, -2, 1, 1, 23.05], 0.06645065],
[526, [-0.03, -0.0, 0.91, -1, 1, 1, 23.14], 0.06645065],
[527, [-0.03, -0.0, 0.92, -1, 1, 1, 23.05], 0.06645065],
[528, [-0.04, -0.02, 0.88, 1, 1, 1, 23.09], 0.06645065],
[529, [-0.02, -0.0, 0.9, -1, 1, 1, 23.09], 0.06645065],
[530, [-0.03, 0.0, 0.9, -2, 1, 1, 23.0], 0.06645065],
[531, [-0.02, 0.01, 0.9, -3, 2, 44, 23.14], 0.06645065],
[532, [-0.02, 0.02, 0.91, -1, 2, -27, 23.09], 0.06645065],
[533, [-0.07, 0.05, 0.91, 0, 3, -9, 23.09], 0.06645065],
[534, [-0.04, -0.0, 0.9, -3, 3, 0, 23.19], 0.06645065],
[535, [-0.02, 0.0, 0.92, -3, -5, 0, 23.14], 0.06645065],
[536, [-0.06, -0.01, 0.91, -4, 4, -4, 23.14], 0.06645065],
[537, [-0.03, 0.0, 0.91, -1, 9, 17, 23.14], 0.06645065],
[538, [0.14, -0.05, 1.09, 4, -20, 51, 23.14], 0.06645065],
[539, [-0.06, 0.05, 0.98, 5, 18, -44, 23.05], 0.06645065],
[540, [-0.12, -0.06, 0.9700001, -6, -8, 7, 23.09], 0.06645065],
[541, [-0.08, -0.02, 0.99, 11, 1, 5, 23.19], 0.06645065],
[542, [-0.04, -0.02, 1.02, -3, -1, 6, 23.09], 0.06645065],
[543, [-0.03, 0.07, 0.9599999, 2, 13, 6, 23.09], 0.06645065],
[544, [-0.02, 0.02, 0.88, 15, 1, -20, 23.14], 0.06645065],
[545, [-0.01, 0.14, 0.9700001, -1, -4, 1, 23.19], 0.06645065],
[546, [0.03, 0.02, 0.92, 7, 0, 0, 23.09], 0.06645065],
[547, [-0.05, 0.09, 0.94, -3, -2, -11, 23.09], 0.06645065],
[548, [-0.02, 0.06, 0.93, -6, 4, 15, 23.19], 0.06645065],
[549, [-0.09, 0.1, 0.9700001, 1, 0, -12, 23.09], 0.06645065],
[550, [0.03, 0.04, 0.98, 10, -6, 3, 23.09], 0.06645065],
[551, [-0.0, -0.01, 0.9599999, 8, -7, -14, 23.14], 0.06645065],
[552, [0.05, 0.06, 0.89, -7, -16, 8, 23.05], 0.06645065],
[553, [-0.1, 0.11, 0.9, -5, 3, -6, 23.71], 0.06645065],
[554, [-0.02, 0.04, 0.99, -1, -1, -1, 23.05], 0.06645065],
[555, [-0.0, 0.0, 0.91, -11, -12, -12, 23.09], 0.06645065],
[556, [0.02, 0.24, 0.87, 8, -9, -2, 23.24], 0.06645065],
[557, [0.07, 0.09, 0.9, -12, 5, -16, 23.14], 0.06645065],
[558, [0.11, -0.07, 0.83, 12, -1, 6, 23.19], 0.06645065],
[559, [0.03, -0.01, 0.78, -4, -38, 29, 23.14], 0.06645065],
[560, [0.02, -0.0, 0.84, 0, 1, -1, 23.14], 0.06645065],
[561, [-0.01, 0.16, 0.87, -26, -4, 7, 23.14], 0.06645065],
[562, [0.11, -0.05, 0.94, -8, 3, 8, 23.14], 0.06645065],
[563, [0.05, 0.03, 0.98, 3, 19, 16, 23.19], 0.06645065],
[564, [0.05, 0.13, 0.9, -13, 14, -15, 23.09], 0.06645065],
[565, [0.05, -0.1, 0.74, -16, 3, 24, 23.14], 0.06645065],
[566, [0.01, 0.08, 0.88, 9, 3, 6, 23.09], 0.06645065],
[567, [0.06, -0.07, 0.71, -37, 2, -6, 23.19], 0.06645065],
[568, [0.07, -0.08, 0.79, -8, -9, 8, 23.14], 0.06645065],
[569, [0.05, 0.11, 0.79, 16, 4, -13, 23.14], 0.06645065],
[570, [0.11, -0.07, 0.95, 7, -12, 21, 23.14], 0.06645065],
[571, [0.1, 0.0, 0.88, 10, 5, -5, 23.09], 0.06645065],
[572, [0.06, 0.07, 0.9, 0, 8, -2, 23.19], 0.06645065],
[573, [0.01, -0.04, 0.91, 2, -2, -2, 23.05], 0.06645065],
[574, [0.05, 0.11, 0.99, -13, -7, 7, 23.14], 0.06645065],
[575, [0.05, -0.1, 0.92, -4, 3, -4, 23.19], 0.06645065],
[576, [0.06, 0.09, 0.93, 5, -4, 1, 23.14], 0.06645065],
[577, [0.04, 0.03, 0.89, -15, -1, 7, 23.14], 0.06645065],
[578, [0.04, -0.08, 0.87, 1, -4, -5, 23.14], 0.06645065],
[579, [0.05, 0.02, 0.88, -2, 4, 4, 23.19], 0.06645065],
[580, [0.07, 0.03, 0.91, 10, -3, 3, 23.24], 0.06645065],
[581, [0.06, -0.04, 0.9, 0, 8, -13, 23.09], 0.06645065],
[582, [0.08, 0.05, 0.9, 9, 2, 9, 23.09], 0.06645065],
[583, [0.07, -0.04, 0.88, -6, -1, -18, 23.14], 0.06645065],
[584, [0.03, 0.08, 0.91, 1, 2, 9, 23.24], 0.06645065],
[585, [0.1, -0.02, 0.9, -3, -4, -7, 23.28], 0.06645065],
[586, [0.02, 0.08, 0.89, 4, 5, 7, 23.14], 0.06645065],
[587, [0.12, -0.01, 0.92, -10, -4, 5, 23.14], 0.06645065],
[588, [0.02, 0.04, 0.86, 5, 6, -2, 23.19], 0.06645065],
[589, [0.05, 0.0, 0.92, 6, 9, -6, 23.24], 0.06645065],
[590, [0.12, -0.03, 0.98, -11, -5, 3, 23.24], 0.06645065],
[591, [0.06, -0.0, 0.89, -3, -2, 1, 23.14], 0.06645065],
[592, [0.08, -0.05, 0.88, -12, 10, -1, 23.14], 0.06645065],
[593, [0.02, 0.11, 0.86, 3, 0, 5, 23.19], 0.06645065],
[594, [0.03, -0.04, 0.88, -4, 4, 2, 23.09], 0.06645065],
[595, [0.06, 0.03, 0.92, 6, 6, -16, 23.14], 0.06645065],
[596, [0.03, -0.05, 0.86, -7, 4, 9, 23.09], 0.06645065],
[597, [0.08, 0.06, 0.95, 9, 3, -7, 23.09], 0.06645065],
[598, [0.06, -0.07, 0.89, 2, -14, -1, 23.19], 0.06645065],
[599, [0.05, 0.04, 0.93, 1, 9, 4, 23.19], 0.06645065],
[600, [0.1, 0.01, 0.95, -13, 5, -1, 23.24], 0.06645065],
[601, [0.04, 0.03, 0.89, 4, 2, 10, 23.24], 0.06645065],
[602, [0.09, 0.06, 0.92, -4, 5, -6, 23.19], 0.06645065],
[603, [0.01, 0.01, 0.9, -9, 0, 14, 23.19], 0.06645065],
[604, [0.08, -0.05, 0.93, -2, 3, -7, 23.19], 0.06645065],
[605, [0.02, 0.04, 0.91, -12, 3, 20, 23.24], 0.06645065],
[606, [0.1, -0.06, 0.9, -4, 6, -8, 23.19], 0.06645065],
[607, [-0.0, 0.05, 0.88, 0, 7, 9, 23.09], 0.06645065],
[608, [0.09, -0.05, 0.93, -1, 3, -7, 23.09], 0.06645065],
[609, [0.02, 0.04, 0.9, -1, -4, 6, 23.14], 0.06645065],
[610, [0.06, -0.01, 0.94, -3, 4, 3, 23.14], 0.06645065],
[611, [0.01, 0.01, 0.9, -1, -1, -2, 23.19], 0.06645065],
[612, [0.06, 0.0, 0.9, -13, 9, 9, 23.19], 0.06645065],
[613, [0.05, -0.04, 0.91, 2, -1, -9, 23.24], 0.06645065],
[614, [0.04, -0.01, 0.9, -6, 9, 9, 23.14], 0.06645065],
[615, [0.07, -0.05, 0.92, 2, 4, -5, 23.24], 0.06645065],
[616, [0.02, 0.04, 0.9, 0, 2, 6, 23.14], 0.06645065],
[617, [0.06, -0.07, 0.91, -2, 9, -3, 23.19], 0.06645065],
[618, [0.02, 0.05, 0.9, 2, 1, 3, 23.05], 0.06645065],
[619, [0.03, 0.07, 0.91, 8, 1, -7, 23.24], 0.06645065],
[620, [0.03, -0.02, 0.92, -7, -3, 3, 23.24], 0.06645065],
[621, [0.05, -0.01, 0.9, 2, -4, 2, 23.14], 0.06645065],
[622, [0.03, 0.03, 0.9, -4, 9, -2, 23.19], 0.06645065],
[623, [0.06, -0.08, 0.9, -2, -2, 3, 23.14], 0.06645065],
[624, [0.02, 0.02, 0.9, 4, 5, -1, 23.19], 0.06645065],
[625, [0.02, -0.03, 0.92, -5, -2, 7, 23.19], 0.06645065],
[626, [0.03, -0.01, 0.89, 4, 2, -4, 23.14], 0.06645065],
[627, [0.04, 0.01, 0.91, -2, 2, 6, 23.14], 0.06645065],
[628, [0.04, -0.04, 0.91, -1, -1, -4, 23.14], 0.06645065],
[629, [0.02, -0.01, 0.89, 2, 0, 7, 23.19], 0.06645065],
[630, [0.06, 0.02, 0.95, -2, 2, -3, 23.19], 0.06645065],
[631, [0.04, -0.06, 0.9, -3, -1, 4, 23.14], 0.06645065],
[632, [0.05, 0.03, 0.93, 2, 4, -1, 23.24], 0.06645065],
[633, [0.03, -0.04, 0.9, -6, -1, -3, 23.24], 0.06645065],
[634, [0.05, 0.02, 0.95, -4, -5, 2, 23.14], 0.06645065],
[635, [0.03, -0.04, 0.85, 1, 0, -5, 23.28], 0.06645065],
[636, [0.01, 0.07, 0.94, 2, 5, -3, 23.24], 0.06645065],
[637, [0.05, 0.0, 0.92, -4, -2, 5, 23.33], 0.06645065],
[638, [0.05, -0.03, 0.9, -1, -1, 1, 23.24], 0.06645065],
[639, [0.04, 0.02, 0.89, -2, 4, -1, 23.14], 0.06645065],
[640, [0.05, -0.04, 0.9, -4, -4, 6, 23.28], 0.06645065],
[641, [0.06, 0.01, 0.92, 1, 1, 2, 23.19], 0.06645065],
[642, [0.04, 0.05, 0.92, -3, 5, 4, 23.19], 0.06645065],
[643, [0.04, -0.04, 0.92, -4, -3, 3, 23.19], 0.06645065],
[644, [0.03, 0.0, 0.89, 4, 6, 0, 23.19], 0.06645065],
[645, [0.05, 0.03, 0.92, -5, -6, 9, 23.19], 0.06645065],
[646, [0.05, -0.06, 0.9, -2, 5, -4, 23.24], 0.06645065],
[647, [0.06, -0.01, 0.91, 0, 6, -1, 23.09], 0.06645065],
[648, [0.04, 0.03, 0.92, -4, -6, 7, 23.14], 0.06645065],
[649, [0.04, 0.01, 0.92, -2, -6, 3, 23.24], 0.06645065],
[650, [0.06, -0.03, 0.91, -2, 9, -5, 23.19], 0.06645065],
[651, [0.03, 0.07, 0.89, 0, -3, 7, 23.24], 0.06645065],
[652, [0.05, 0.07, 0.93, 1, -5, 4, 23.19], 0.06645065],
[653, [0.05, -0.07, 0.89, 1, 0, -3, 23.24], 0.06645065],
[654, [0.04, 0.08, 0.92, -4, 3, 2, 23.14], 0.06645065],
[655, [0.03, -0.04, 0.88, 2, -1, -2, 23.24], 0.06645065],
[656, [0.04, 0.05, 0.92, -5, 6, -3, 23.09], 0.06645065],
[657, [0.07, -0.03, 0.89, 0, -3, 8, 23.05], 0.06645065],
[658, [0.07, 0.05, 0.92, -3, 7, -3, 23.14], 0.06645065],
[659, [0.04, -0.06, 0.89, 0, 0, 9, 23.28], 0.06645065],
[660, [0.05, 0.04, 0.93, -4, 4, -3, 23.24], 0.06645065],
[661, [0.05, -0.04, 0.89, -2, 1, 2, 23.24], 0.06645065],
[662, [0.05, 0.03, 0.9, -3, 3, 1, 23.28], 0.06645065],
[663, [0.07, -0.06, 0.89, -2, -2, 3, 23.19], 0.06645065],
[664, [0.06, -0.05, 0.89, 1, 0, 3, 23.24], 0.06645065],
[665, [0.08, 0.04, 0.93, -4, 2, -3, 23.14], 0.06645065],
[666, [0.04, -0.02, 0.89, 4, -1, 3, 23.19], 0.06645065],
[667, [0.08, 0.02, 0.94, -5, 4, 1, 23.19], 0.06645065],
[668, [0.06, -0.05, 0.89, 1, 0, 1, 23.19], 0.06645065],
[669, [0.07, 0.07, 0.9, -4, 3, -2, 23.09], 0.06645065],
[670, [0.04, -0.03, 0.89, -5, 1, -2, 23.19], 0.06645065],
[671, [0.06, 0.04, 0.9, -1, 4, 0, 23.33], 0.06645065],
[672, [0.06, -0.04, 0.89, -7, 0, 1, 23.14], 0.06645065],
[673, [0.07, 0.02, 0.92, 2, 3, -2, 23.24], 0.06645065],
[674, [0.05, -0.04, 0.9, -8, -4, -2, 23.28], 0.06645065],
[675, [0.06, 0.01, 0.87, 4, 2, -1, 23.14], 0.06645065],
[676, [0.1, -0.01, 0.87, -4, 2, -2, 23.24], 0.06645065],
[677, [0.06, 0.01, 0.81, 9, 6, -1, 23.24], 0.06645065],
[678, [0.07, -0.02, 0.84, 2, 10, 2, 23.24], 0.06645065],
[679, [0.04, 0.05, 0.82, 3, 13, -10, 23.14], 0.06645065],
[680, [0.04, -0.03, 0.79, 11, 13, -1, 23.19], 0.06645065],
[681, [0.05, 0.09, 0.82, 4, 14, -7, 23.24], 0.06645065],
[682, [0.02, -0.01, 0.76, -2, 5, -6, 23.33], 0.06645065],
[683, [0.01, 0.09, 0.77, 9, 18, -8, 23.19], 0.06645065],
[684, [0.07, -0.08, 0.8, 1, 14, 1, 23.19], 0.06645065],
[685, [0.02, 0.07, 0.78, 12, 11, -5, 23.28], 0.06645065],
[686, [0.03, 0.18, 0.91, -4, -1, -13, 23.24], 0.06645065],
[687, [-0.09, 0.08, 0.84, 22, 20, -5, 23.24], 0.06645065],
[688, [-0.11, 0.12, 0.88, 1, 33, 3, 23.19], 0.06645065],
[689, [0.06, 0.03, 0.91, -10, 22, -16, 23.19], 0.06645065],
[690, [-0.04, 0.13, 0.85, 8, 3, -14, 23.28], 0.06645065],
[691, [-0.15, 0.06, 0.87, 14, 1, -15, 23.28], 0.06645065],
[692, [-0.12, 0.1, 0.9700001, -10, 2, 6, 23.28], 0.06645065],
[693, [-0.13, 0.18, 0.94, -34, 13, -8, 23.19], 0.06645065],
[694, [-0.16, 0.14, 0.99, -21, 32, -9, 23.24], 0.06645065],
[695, [-0.13, 0.06, 1.02, -11, -8, -5, 23.28], 0.06645065],
[696, [-0.08, -0.07, 1.07, 8, 12, 7, 23.28], 0.06645065],
[697, [-0.13, 0.04, 0.99, 1, -2, -6, 23.28], 0.06645065],
[698, [-0.17, 0.06, 1.02, 2, -11, -4, 23.24], 0.06645065],
[699, [-0.17, 0.03, 0.99, -11, -6, 16, 23.28], 0.06645065],
[700, [-0.19, -0.07, 0.94, -28, -7, 12, 23.09], 0.06645065],
[701, [-0.03, -0.1, 0.94, -50, 8, -3, 23.19], 0.06645065],
[702, [-0.17, -0.07, 0.9, -18, -28, -12, 23.19], 0.06645065],
[703, [-0.07, -0.13, 0.93, 1, -2, 9, 23.24], 0.06645065],
[704, [-0.03, -0.13, 0.89, 3, 3, 4, 23.24], 0.06645065],
[705, [-0.14, 0.09, 0.91, -7, -29, 0, 23.14], 0.06645065],
[706, [0.06, -0.17, 0.94, 14, 28, 12, 23.28], 0.06645065],
[707, [-0.14, 0.04, 0.82, 15, -19, 16, 23.28], 0.06645065],
[708, [-0.01, -0.18, 0.74, -3, -23, 2, 23.19], 0.06645065],
[709, [-0.03, -0.01, 0.91, 0, -1, 3, 23.24], 0.06645065],
[710, [-0.13, 0.01, 0.72, 1, 12, 3, 23.28], 0.06645065],
[711, [-0.03, 0.0, 0.93, -1, 2, 0, 23.28], 0.06645065],
[712, [-0.03, -0.01, 0.92, -1, 1, 1, 23.24], 0.06645065],
[713, [-0.03, -0.01, 0.91, -2, 1, 1, 23.24], 0.06645065],
[714, [-0.03, -0.01, 0.9, -1, 1, 1, 23.28], 0.06645065],
[715, [-0.04, -0.01, 0.91, -1, 1, 1, 23.19], 0.06645065],
[716, [-0.04, -0.0, 0.91, -2, 1, 1, 23.33], 0.06645065],
[717, [-0.03, -0.01, 0.9, -1, 1, 1, 23.28], 0.06645065],
[718, [-0.03, -0.01, 0.91, -1, 1, 1, 23.33], 0.06645065],
[719, [-0.03, -0.01, 0.91, -2, 1, 1, 23.24], 0.06645065],
[720, [-0.03, -0.01, 0.9, -1, 1, 1, 23.38], 0.06645065],
[721, [-0.04, -0.0, 0.91, -1, 1, 1, 23.33], 0.06645065],
[722, [-0.03, -0.0, 0.9, -1, 1, 1, 23.28], 0.06645065],
[723, [-0.03, -0.0, 0.91, -2, 1, 1, 23.28], 0.06645065],
[724, [-0.03, -0.0, 0.91, -1, 1, 1, 23.24], 0.06645065],
[725, [-0.03, -0.01, 0.91, -1, 1, 1, 23.19], 0.06645065],
[726, [-0.03, -0.01, 0.91, -2, 1, 1, 23.28], 0.06645065],
[727, [-0.03, -0.0, 0.9, -2, 1, 1, 23.24], 0.06645065],
[728, [-0.04, -0.01, 0.9, -2, 1, 1, 23.19], 0.06645065],
[729, [-0.03, -0.01, 0.91, -2, 1, 1, 23.19], 0.06645065],
[730, [-0.03, -0.0, 0.92, -1, 1, 1, 23.24], 0.06645065],
[731, [-0.04, -0.01, 0.91, -2, 1, 1, 23.19], 0.06645065],
[732, [-0.03, -0.01, 0.91, -1, 1, 1, 23.24], 0.06645065],
[733, [-0.04, -0.01, 0.9, -2, 1, 1, 23.24], 0.06645065],
[734, [-0.03, -0.01, 0.91, -2, 1, 1, 23.19], 0.06645065],
[735, [-0.03, -0.0, 0.9, -1, 2, 1, 23.14], 0.06645065],
[736, [-0.03, -0.01, 0.91, -1, 1, 1, 23.28], 0.06645065],
[737, [-0.04, -0.01, 0.89, -1, 1, 1, 23.24], 0.06645065],
[738, [-0.03, -0.0, 0.91, -2, 1, 1, 23.14], 0.06645065],
[739, [-0.03, -0.01, 0.9, -2, 1, 1, 23.24], 0.06645065],
[740, [-0.03, -0.0, 0.9, -1, 1, 1, 23.24], 0.06645065],
[741, [-0.03, -0.0, 0.91, -1, 1, 1, 23.28], 0.06645065],
[742, [-0.04, -0.01, 0.9, -1, 1, 1, 23.24], 0.06645065],
[743, [-0.03, -0.01, 0.9, -1, 1, 1, 23.24], 0.06645065],
[744, [-0.03, -0.01, 0.91, -1, 1, 1, 23.19], 0.06645065],
[745, [-0.04, -0.01, 0.9, -1, 1, 1, 23.24], 0.06645065],
[746, [-0.04, -0.01, 0.9, -1, 1, 1, 23.24], 0.06645065],
[747, [-0.03, -0.01, 0.9, -1, 2, 1, 23.19], 0.06645065],
[748, [-0.03, -0.0, 0.91, -1, 1, 1, 23.24], 0.06645065],
[749, [-0.04, -0.01, 0.9, -2, 1, 1, 23.28], 0.06645065],
[750, [-0.03, -0.01, 0.9, -1, 1, 1, 23.33], 0.06645065],
[751, [-0.03, -0.0, 0.91, -1, 1, 1, 23.19], 0.06645065],
[752, [-0.04, -0.01, 0.91, -1, 1, 1, 23.33], 0.06645065],
[753, [-0.03, -0.01, 0.9, -1, 1, 1, 23.28], 0.06645065],
[754, [-0.04, -0.01, 0.92, -1, 1, 1, 23.19], 0.06645065],
[755, [-0.03, 0.0, 0.9, -1, 1, 1, 23.19], 0.06645065],
[756, [-0.03, -0.01, 0.9, -1, 1, 1, 23.28], 0.06645065],
[757, [-0.04, -0.01, 0.91, -1, 1, 1, 23.24], 0.06645065],
[758, [-0.03, -0.0, 0.9, -1, 1, 1, 23.24], 0.06645065],
[759, [-0.04, -0.01, 0.9, -2, 1, 1, 23.33], 0.06645065],
[760, [-0.03, -0.01, 0.9, -1, 1, 1, 23.28], 0.06645065],
[761, [-0.03, -0.01, 0.9, -1, 1, 1, 23.24], 0.06645065],
[762, [-0.03, -0.01, 0.9, -1, 1, 1, 23.24], 0.06645065],
[763, [-0.03, -0.01, 0.91, -1, 1, 1, 23.24], 0.06645065],
[764, [-0.03, -0.0, 0.9, -1, 1, 1, 23.19], 0.06645065],
[765, [-0.04, -0.01, 0.9, -1, 1, 1, 23.19], 0.06645065],
[766, [-0.04, -0.01, 0.91, -1, 1, 1, 23.24], 0.06645065],
[767, [-0.03, -0.01, 0.91, -1, 1, 1, 23.24], 0.06645065],
[768, [-0.03, -0.0, 0.9, -1, 1, 1, 23.24], 0.06645065],
[769, [-0.03, -0.01, 0.9, -1, 2, 1, 23.24], 0.06645065],
[770, [-0.03, -0.01, 0.9, -1, 1, 1, 23.19], 0.06645065],
[771, [-0.03, -0.01, 0.91, -1, 1, 1, 23.19], 0.06645065],
[772, [-0.03, -0.01, 0.91, -1, 1, 1, 23.19], 0.06645065],
[773, [-0.04, -0.01, 0.9, -2, 2, 1, 23.24], 0.06645065],
[774, [-0.04, -0.01, 0.91, -2, 1, 1, 23.28], 0.06645065],
[775, [-0.03, -0.01, 0.91, -1, 2, 1, 23.19], 0.06645065],
[776, [-0.03, -0.01, 0.9, -1, 1, 1, 23.24], 0.06645065],
[777, [-0.04, -0.01, 0.9, -1, 1, 1, 23.19], 0.06645065],
[778, [-0.04, -0.0, 0.91, -1, 1, 1, 23.28], 0.06645065],
[779, [-0.04, -0.01, 0.91, -1, 1, 1, 23.24], 0.06645065],
[780, [-0.03, -0.01, 0.91, -2, 1, 1, 23.28], 0.06645065],
[781, [-0.04, -0.01, 0.91, -1, 1, 1, 23.19], 0.06645065],
[782, [-0.04, -0.0, 0.91, -1, 2, 1, 23.24], 0.06645065],
[783, [-0.03, 0.0, 0.91, -1, 1, 1, 23.28], 0.06645065],
[784, [-0.03, -0.0, 0.9, -1, 1, 1, 23.28], 0.06645065],
[785, [-0.03, -0.01, 0.91, -1, 1, 1, 23.28], 0.06645065],
[786, [-0.03, -0.01, 0.9, -1, 1, 1, 23.24], 0.06645065],
[787, [-0.04, -0.0, 0.91, -1, 1, 1, 23.24], 0.06645065],
[788, [-0.04, -0.01, 0.9, -1, 1, 1, 23.28], 0.06645065],
[789, [-0.02, -0.01, 0.9, -2, 1, 1, 23.19], 0.06645065],
[790, [-0.03, -0.01, 0.9, -1, 1, 1, 23.33], 0.06645065],
[791, [-0.04, -0.01, 0.9, -1, 1, 1, 23.24], 0.06645065],
[792, [-0.03, -0.01, 0.9, -2, 1, 1, 23.33], 0.06645065],
[793, [-0.04, -0.01, 0.91, -1, 1, 1, 23.28], 0.06645065],
[794, [-0.04, -0.01, 0.9, -2, 2, 1, 23.24], 0.06645065],
[795, [-0.04, -0.01, 0.91, -1, 1, 1, 23.24], 0.06645065],
[796, [-0.04, -0.0, 0.91, -1, 1, 1, 23.24], 0.06645065],
[797, [-0.03, -0.0, 0.9, -1, 1, 1, 23.24], 0.06645065],
[798, [-0.03, -0.01, 0.91, -1, 1, 1, 23.24], 0.06645065],
[799, [-0.04, -0.01, 0.91, -1, 1, 1, 23.38], 0.06645065],
[800, [-0.03, -0.0, 0.91, -1, 1, 1, 23.38], 0.06645065],
[801, [-0.03, -0.01, 0.9, -1, 1, 1, 23.28], 0.06645065],
[802, [-0.04, -0.01, 0.91, -2, 1, 1, 23.28], 0.06645065],
[803, [-0.04, -0.0, 0.91, -1, 1, 1, 23.09], 0.06645065],
[804, [-0.03, -0.0, 0.9, -1, 2, 1, 23.24], 0.06645065],
[805, [-0.04, -0.01, 0.91, -1, 1, 1, 23.24], 0.06645065],
[806, [-0.04, -0.0, 0.91, -1, 1, 1, 23.28], 0.06645065],
[807, [-0.03, -0.01, 0.9, -1, 1, 1, 23.28], 0.06645065],
[808, [-0.03, -0.01, 0.9, -2, 1, 1, 23.33], 0.06645065],
[809, [-0.03, -0.01, 0.91, -1, 1, 1, 23.28], 0.06645065],
[810, [-0.03, -0.01, 0.9, -1, 1, 1, 23.19], 0.06645065],
[811, [-0.03, -0.01, 0.9, -1, 1, 1, 23.24], 0.06645065],
[812, [-0.03, -0.01, 0.9, -1, 1, 1, 23.14], 0.06645065],
[813, [-0.03, -0.01, 0.91, -2, 1, 1, 23.19], 0.06645065],
[814, [-0.03, -0.0, 0.9, -1, 1, 1, 23.28], 0.06645065],
[815, [-0.03, 0.0, 0.9, -1, 1, 1, 23.28], 0.06645065],
[816, [-0.03, -0.0, 0.91, -1, 1, 1, 23.33], 0.06645065],
[817, [-0.04, -0.01, 0.89, -1, 1, 1, 23.19], 0.06645065],
[818, [-0.04, -0.01, 0.9, -1, 1, 1, 23.14], 0.06645065],
[819, [-0.04, -0.01, 0.91, -1, 1, 1, 23.24], 0.06645065],
[820, [-0.03, -0.0, 0.91, -1, 1, 1, 23.19], 0.06645065],
[821, [-0.03, 0.0, 0.9, -1, 1, 1, 23.33], 0.06645065],
[822, [-0.04, -0.01, 0.91, -2, 1, 1, 23.28], 0.06645065],
[823, [-0.04, -0.01, 0.92, -1, 1, 1, 23.28], 0.06645065],
[824, [-0.03, -0.0, 0.9, -1, 1, 1, 23.28], 0.06645065],
[825, [-0.03, -0.01, 0.91, -1, 1, 1, 23.24], 0.06645065],
[826, [-0.04, -0.0, 0.91, -1, 1, 1, 23.24], 0.06645065],
[827, [-0.03, -0.01, 0.9, -1, 1, 1, 23.24], 0.06645065],
[828, [-0.03, -0.01, 0.91, -1, 1, 1, 23.24], 0.06645065],
[829, [-0.03, -0.01, 0.91, -2, 1, 1, 23.33], 0.06645065],
[830, [-0.03, -0.01, 0.9, -1, 1, 1, 23.24], 0.06645065],
[831, [-0.03, -0.01, 0.9, -1, 1, 1, 23.24], 0.06645065],
[832, [-0.03, -0.01, 0.9, -1, 1, 1, 23.33], 0.06645065],
[833, [-0.02, -0.01, 0.91, -1, 1, 1, 23.24], 0.06645065],
[834, [-0.03, -0.01, 0.91, -1, 1, 1, 23.28], 0.06645065],
[835, [-0.03, -0.01, 0.9, -1, 1, 1, 23.24], 0.06645065],
[836, [-0.02, -0.0, 0.91, -1, 1, 1, 23.28], 0.06645065],
[837, [-0.03, -0.0, 0.9, -1, 1, 1, 23.24], 0.06645065],
[838, [-0.04, -0.01, 0.91, -1, 1, 1, 23.19], 0.06645065],
[839, [-0.04, -0.01, 0.9, -1, 1, 1, 23.28], 0.06645065],
[840, [-0.04, -0.01, 0.9, -2, 1, 1, 23.28], 0.06645065],
[841, [-0.03, -0.01, 0.9, -1, 1, 1, 23.28], 0.06645065],
[842, [-0.03, -0.01, 0.9, -1, 2, 1, 23.28], 0.06645065],
[843, [-0.03, -0.0, 0.91, -1, 1, 1, 23.24], 0.06645065],
[844, [-0.03, -0.0, 0.91, -1, 1, 1, 23.14], 0.06645065],
[845, [-0.03, -0.0, 0.9, -1, 1, 1, 23.24], 0.06645065],
[846, [-0.04, -0.01, 0.9, -2, 1, 1, 23.24], 0.06645065],
[847, [-0.03, -0.01, 0.9, -2, 2, 1, 23.19], 0.06645065],
[848, [-0.04, -0.01, 0.91, -1, 1, 1, 23.19], 0.06645065],
[849, [-0.04, -0.01, 0.91, -1, 1, 1, 23.14], 0.06645065],
[850, [-0.03, -0.01, 0.9, -1, 1, 1, 23.28], 0.06645065],
[851, [-0.03, -0.01, 0.9, -1, 1, 1, 23.28], 0.06645065],
[852, [-0.04, -0.01, 0.91, -1, 1, 1, 23.28], 0.06645065],
[853, [-0.04, -0.01, 0.91, -1, 1, 1, 23.28], 0.06645065],
[854, [-0.03, -0.01, 0.91, -1, 1, 1, 23.24], 0.06645065],
[855, [-0.03, -0.01, 0.91, -1, 1, 1, 23.33], 0.06645065],
[856, [-0.03, -0.0, 0.9, -1, 1, 1, 23.19], 0.06645065],
[857, [-0.03, -0.0, 0.9, -1, 2, 1, 23.24], 0.06645065],
[858, [-0.04, -0.01, 0.91, -1, 1, 1, 23.19], 0.06645065],
[859, [-0.04, -0.01, 0.9, -1, 1, 1, 23.33], 0.06645065],
[860, [-0.04, -0.01, 0.91, -1, 1, 1, 23.28], 0.06645065],
[861, [-0.04, -0.0, 0.91, -1, 1, 1, 23.19], 0.06645065],
[862, [-0.03, -0.01, 0.91, -1, 1, 1, 23.33], 0.06645065],
[863, [-0.03, -0.01, 0.9, -1, 1, 1, 23.14], 0.06645065],
